Workbook

Sheet Revisions
A1: Item | B1: Description of Revision | C1: Date Modified | D1: Comments | E1: Editor(s)
A2: 1 | B2: Document created | C2: 5/3/2021 - 8/23/2021 | E2: JM/CL
A3: 2 | B3: Added IH Machines to Cam line | C3: 44469 | D3: Will start testing week of 10/4/21 | E3: JM
A4: 3 | B4: Changed the fluid type from WSW-87 to PCW-553 on Conrod OP110 | D4: Received notice from Chick of PCR on 10/18/21 | E4: JM
A5: 4 | B5: Moved washers to separate data sheet, and created washer report. | C5: 10/25/2021 - 10/29/2021 | E5: JM/CL
A6: 5 | B6: Hid Lab Data column on Weekly Tab | C6: 44497 | E6: CL
A7: 6 | B7: Added Leadec tabs and formulas on the charts to populate when systems are cleaned | C7: 44509 | E7: JM
A8: 7 | B8: Updated concentration for Cam op 60s to 7-9%. | C8: 44518 | E8: CL
A9: 8 | B9: Added the 1st and 2nd shift Bug-pH Data tabs and linked data to the weekly report tab | C9: 44582 | E9: JM
A10: 9 | B10: Updated the bug-pH data format for Crank Op125 in the washer report tab and linked to the 2nd shift bug-pH data tab | C10: 44582 | E10: JM
A11: 10 | B11: Created IF statements for bug data on Weekly tab to not show zeros when cells are empty on the data tabs | C11: 44620 | E11: JM
A12: 11 | B12: Updated machine number and tank size of Crank Op 120-1/2 | C12: 44685 | E12: JM
A13: 12 | B13: Added Conrod ops 40A/B and 95A/B | C13: 44756 | E13: CL
A14: 13 | B14: Added WR-90 amount to "Washer Data" tab. | C14: 44950 | E14: CL
A15: 14 | B15: Added "2nd Shift" spot check for Mixing Tank. | C15: 44953 | E15: CL
A16: 15 | B16: Swapped/Renamed 1st and 2nd shift Bug-pH Data tabs | C16: 44963 | E16: JM
B19: SPRINT / TRUQ2
A20: 1 | B20: Official issuance for data reporting - all items set at current product and value checks. | C20: 46220

Sheet OP Info
B1: SPRINT - TRUQ2 | Q1: SPRINT - TRUQ2
B2: SHAFT | Q2: SHAFT
B3: Shift # | C3: OP # | D3: Machine # | E3: Sump Size Liters | F3: Product | G3: Conc. Low Limit | H3: Conc. High Limit | I3: Target Conc. | J3: Sump Size Liters | K3: Sump Size Gallons | O3: Tech | Q3: Shift # | S3: Shift # | T3: OP # | U3: Sump Size Liters | V3: Product | W3: Conc. Low Limit | X3: Conc. High Limit | Y3: Target Conc.
B4: MWTH-2 | C4: 10-L1 | D4: TAMCE-00011 | E4: 575 | F4: GTS-120 | G4: 5 | H4: 7 | I4: 6 | J4: =K4*3.785 -> 575 | K4: =E4/3.785 -> 151.91546 | M4: Centering | O4: 1 | Q4: MWTH-2 | S4: MWTH-2 | T4: 10-L1 | U4: 575 | V4: GTS-120 | W4: 5 | X4: 7 | Y4: 6
B5: MWTH-2 | C5: 20-L1 | D5: TAMLA-00050 | E5: 630 | F5: GTS-120 | G5: 5 | H5: 7 | I5: 6 | J5: =K5*3.785 -> 630 | K5: =E5/3.785 -> 166.4465 | M5: Lathe | O5: 2 | Q5: MWTH-2 | S5: MWTH-2 | T5: 20-L1 | U5: 630 | V5: GTS-120 | W5: 5 | X5: 7 | Y5: 6
B6: MWTH-2 | C6: 30-L1 | D6: TAMLA-00053 | E6: 630 | F6: GTS-120 | G6: 5 | H6: 7 | I6: 6 | J6: =K6*3.785 -> 630 | K6: =E6/3.785 -> 166.4465 | M6: Lathe | O6: 1 | Q6: MWTH-2 | S6: MWTH-2 | T6: 30-L1 | U6: 630 | V6: GTS-120 | W6: 5 | X6: 7 | Y6: 6
B7: MWTH-2 | C7: 50 A/B-L1 | D7: TAMIH-00017 / TAMIH-00018 | E7: 3300 | F7: AQ-YB | G7: 5 | H7: 7 | I7: 6 | J7: =K7*3.785 -> 3300 | K7: =E7/3.785 -> 871.86262 | M7: Induction Hardening | O7: 1 | Q7: MWTH-2 | S7: MWTH-2 | T7: 50 A/B-L1 | U7: 3300 | V7: AQ-YB | W7: 5 | X7: 7 | Y7: 6
B8: MWTH-2 | C8: 70-L1 | D8: TAMLA-00051 | E8: 630 | F8: GTS-120 | G8: 5 | H8: 7 | I8: 6 | J8: =K8*3.785 -> 630 | K8: =E8/3.785 -> 166.4465 | M8: Lathe | O8: 1 | Q8: MWTH-2 | S8: MWTH-2 | T8: 70-L1 | U8: 630 | V8: GTS-120 | W8: 5 | X8: 7 | Y8: 6
B9: MWTH-2 | C9: 80-L1 | D9: TAMLA-00052 | E9: 630 | F9: GTS-120 | G9: 5 | H9: 7 | I9: 6 | J9: =K9*3.785 -> 630 | K9: =E9/3.785 -> 166.4465 | M9: Lathe | O9: 2 | Q9: MWTH-2 | S9: MWTH-2 | T9: 80-L1 | U9: 630 | V9: GTS-120 | W9: 5 | X9: 7 | Y9: 6
B10: MWTH-2 | C10: 90-L1 | D10: TAMGR-00113 | E10: 690 | F10: GTS-120 | G10: 5 | H10: 7 | I10: 6 | J10: =K10*3.785 -> 690 | K10: =E10/3.785 -> 182.29855 | M10: Grinding | O10: 1 | Q10: MWTH-2 | S10: MWTH-2 | T10: 90-L1 | U10: 690 | V10: GTS-120 | W10: 5 | X10: 7 | Y10: 6
B11: MWTH-2 | C11: 100A-L1 | D11: NAMSP-00282 | E11: 850 | F11: GTS-120 | G11: 7 | H11: 9 | I11: 8 | J11: =K11*3.785 -> 850 | K11: =E11/3.785 -> 224.57067 | M11: Drilling | O11: 2 | Q11: MWTH-2 | S11: MWTH-2 | T11: 100A-L1 | U11: 850 | V11: GTS-120 | W11: 7 | X11: 9 | Y11: 8
B12: MWTH-2 | C12: 100B-L1 | D12: NAMSP-00284 | E12: 850 | F12: GTS-120 | G12: 7 | H12: 9 | I12: 8 | J12: =K12*3.785 -> 850 | K12: =E12/3.785 -> 224.57067 | M12: Drilling | O12: 1 | Q12: MWTH-2 | S12: MWTH-2 | T12: 100B-L1 | U12: 850 | V12: GTS-120 | W12: 7 | X12: 9 | Y12: 8
B13: TF-2 | C13: 10-L2 | D13: TAMCE-00010 | E13: 575 | F13: GTS-120 | G13: 5 | H13: 7 | I13: 6 | J13: =K13*3.785 -> 575 | K13: =E13/3.785 -> 151.91546 | M13: Centering | O13: 2 | Q13: TF-2 | S13: MWTH-2 | T13: 10-L3 | U13: 575 | V13: GTS-120 | W13: 5 | X13: 7 | Y13: 6
B14: TF-2 | C14: 20-L2 | D14: TAMLA-00048 | E14: 685 | F14: GTS-120 | G14: 5 | H14: 7 | I14: 6 | J14: =K14*3.785 -> 685 | K14: =E14/3.785 -> 180.97754 | M14: Lathe | O14: 1 | Q14: TF-2 | S14: MWTH-2 | T14: 20-L3 | U14: 630 | V14: GTS-120 | W14: 5 | X14: 7 | Y14: 6
B15: TF-2 | C15: 30-L2 | D15: TAMLA-00046 | E15: 685 | F15: GTS-120 | G15: 5 | H15: 7 | I15: 6 | J15: =K15*3.785 -> 685 | K15: =E15/3.785 -> 180.97754 | M15: Lathe | O15: 2 | Q15: TF-2 | S15: MWTH-2 | T15: 30-L3 | U15: 630 | V15: GTS-120 | W15: 5 | X15: 7 | Y15: 6
... B29: TF-2 | C29: 100A-L3 | D29: NAMSP-00341 | E29: 850 | F29: MDS-570 | G29: 7 | H29: 9 | I29: 8 | J29: =K29*3.785 -> 850 | K29: =E29/3.785 -> 224.57067 | M29: Drilling | O29: 1 | Q29: TF-2 | S29: MWTH-1 | T29: 100B-L5 | U29: 850 | V29: GTS-120 | W29: 7 | X29: 9 | Y29: 8
B30: TF-2 | C30: 100B-L3 | D30: NAMSP-00343 | E30: 850 | F30: MDS-570 | G30: 7 | H30: 9 | I30: 8 | J30: =K30*3.785 -> 850 | K30: =E30/3.785 -> 224.57067 | M30: Drilling | O30: 2 | Q30: TF-2
B31: MWTH-1 | C31: 10-L4 | D31: TAMCE-00012 | E31: 575 | F31: GTS-120 | G31: 5 | H31: 7 | I31: 6 | J31: =K31*3.785 -> 575 | K31: =E31/3.785 -> 151.91546 | M31: Centering | O31: 1 | Q31: MWTH-1 | S31: TF-2 | T31: 10-L2 | U31: 575 | V31: GTS-120 | W31: 5 | X31: 7 | Y31: 6
B32: MWTH-1 | C32: 20-L4 | D32: TAMLA-00054 | E32: 685 | F32: GTS-120 | G32: 5 | H32: 7 | I32: 6 | J32: =K32*3.785 -> 685 | K32: =E32/3.785 -> 180.97754 | M32: Lathe | O32: 2 | Q32: MWTH-1 | S32: TF-2 | T32: 20-L2 | U32: 685 | V32: GTS-120 | W32: 5 | X32: 7 | Y32: 6
B33: MWTH-1 | C33: 30-L4 | D33: TAMLA-00061 | E33: 685 | F33: GTS-120 | G33: 5 | H33: 7 | I33: 6 | J33: =K33*3.785 -> 685 | K33: =E33/3.785 -> 180.97754 | M33: Lathe | O33: 1 | Q33: MWTH-1 | S33: TF-2 | T33: 30-L2 | U33: 685 | V33: GTS-120 | W33: 5 | X33: 7 | Y33: 6
B34: MWTH-1 | C34: 50 A/B-L4 | D34: TAMIH-00023 / TAMIH-00024 | E34: 3300 | F34: AQ-YB | G34: 5 | H34: 7 | I34: 6 | J34: =K34*3.785 -> 3300 | K34: =E34/3.785 -> 871.86262 | M34: Induction Hardening | O34: 2 | Q34: MWTH-1 | S34: TF-2 | T34: 50 A/B-L2 | U34: 3300 | V34: AQ-YB | W34: 5 | X34: 7 | Y34: 6
B35: TF-1 | C35: 70-L4 | D35: TAMLA-00062 | E35: 630 | F35: GTS-120 | G35: 5 | H35: 7 | I35: 6 | J35: =K35*3.785 -> 630 | K35: =E35/3.785 -> 166.4465 | M35: Lathe | O35: 2 | Q35: TF-1 | S35: TF-2 | T35: 70-L2 | U35: 630 | V35: GTS-120 | W35: 5 | X35: 7 | Y35: 6
B36: TF-1 | C36: 80-L4 | D36: TAMLA-00063 | E36: 630 | F36: GTS-120 | G36: 5 | H36: 7 | I36: 6 | J36: =K36*3.785 -> 630 | K36: =E36/3.785 -> 166.4465 | M36: Lathe | O36: 1 | Q36: TF-1 | S36: TF-2 | T36: 80-L2 | U36: 630 | V36: GTS-120 | W36: 5 | X36: 7 | Y36: 6
B37: TF-1 | C37: 90-L4 | D37: TAMGR-00114 | E37: 690 | F37: GTS-120 | G37: 5 | H37: 7 | I37: 6 | J37: =K37*3.785 -> 690 | K37: =E37/3.785 -> 182.29855 | M37: Grinding | O37: 2 | Q37: TF-1 | S37: TF-2 | T37: 90-L2 | U37: 690 | V37: GTS-120 | W37: 5 | X37: 7 | Y37: 6
B38: TF-1 | C38: 100A-L4 | D38: NAMSP-00306 | E38: 850 | F38: MDS-570 | G38: 7 | H38: 9 | I38: 8 | J38: =K38*3.785 -> 850 | K38: =E38/3.785 -> 224.57067 | M38: Drilling | O38: 1 | Q38: TF-1 | S38: TF-2 | T38: 100A-L2 | U38: 850 | V38: GTS-120 | W38: 7 | X38: 9 | Y38: 8
B39: TF-1 | C39: 100B-L4 | D39: NAMSP-00327 | E39: 850 | F39: MDS-570 | G39: 7 | H39: 9 | I39: 8 | J39: =K39*3.785 -> 850 | K39: =E39/3.785 -> 224.57067 | M39: Drilling | O39: 2 | Q39: TF-1 | S39: TF-2 | T39: 100B-L2 | U39: 850 | V39: GTS-120 | W39: 7 | X39: 9 | Y39: 8
B40: MWTH-1 | C40: 10-L5 | D40: TAMCE-00014 | E40: 575 | F40: GTS-120 | G40: 5 | H40: 7 | I40: 6 | J40: =K40*3.785 -> 575 | K40: =E40/3.785 -> 151.91546 | M40: Centering | O40: 1 | Q40: MWTH-1 | S40: TF-2 | T40: 70-L3 | U40: 630 | V40: GTS-120 | W40: 5 | X40: 7 | Y40: 6
B41: MWTH-1 | C41: 20-L5 | D41: TAMLA-00068 | E41: 630 | F41: GTS-120 | G41: 5 | H41: 7 | I41: 6 | J41: =K41*3.785 -> 630 | K41: =E41/3.785 -> 166.4465 | M41: Lathe | O41: 2 | Q41: MWTH-1 | S41: TF-2 | T41: 80-L3 | U41: 630 | V41: GTS-120 | W41: 5 | X41: 7 | Y41: 6
B42: MWTH-1 | C42: 30-L5 | D42: TAMLA-00069 | E42: 630 | F42: GTS-120 | G42: 5 | H42: 7 | I42: 6 | J42: =K42*3.785 -> 630 | K42: =E42/3.785 -> 166.4465 | M42: Lathe | O42: 1 | Q42: MWTH-1 | S42: TF-2 | T42: 90-L3 | U42: 690 | V42: GTS-120 | W42: 5 | X42: 7 | Y42: 6
... B58: TF-1 | C58: 100B-L6 | D58: NAMSP-00280 | E58: 850 | F58: GTS-120 | G58: 7 | H58: 9 | I58: 8 | J58: =K58*3.785 -> 850 | K58: =E58/3.785 -> 224.57067 | M58: Drilling | O58: 2 | Q58: TF-1 | S58: TF-1 | T58: 100A-L6 | U58: 850 | V58: GTS-120 | W58: 7 | X58: 9 | Y58: 8
S59: TF-1 | T59: 100B-L6 | U59: 850 | V59: GTS-120 | W59: 7 | X59: 9 | Y59: 8
B60: MWTH-2 | C60: SHAWB-58 | D60: TAMWB-00058 | E60: 925 | F60: G-5300ME | G60: 0.015 | H60: 0.025 | I60: 0.02 | J60: =E60 -> 925 | K60: =E60/3.785 -> 244.38573 | Q60: MWTH-2
B61: MWTH-2 | C61: SHAWB-60 | D61: TAMWB-00060 | E61: 925 | F61: G-5300ME | G61: 0.015 | H61: 0.025 | I61: 0.02 | J61: =E61 -> 925 | K61: =E61/3.785 -> 244.38573 | Q61: MWTH-2
B62: MWTH-1 | C62: SHAWB-59 | D62: TAMWB-00059 | E62: 925 | F62: G-5300ME | G62: 0.015 | H62: 0.025 | I62: 0.02 | J62: =E62 -> 925 | K62: =E62/3.785 -> 244.38573 | Q62: MWTH-1
B65: CARRIER | Q65: CARRIER
B66: Shift # | C66: OP # | D66: Machine # | E66: Sump Size Liters | F66: Product | G66: Conc. Low Limit | H66: Conc. High Limit | I66: Target Conc. | J66: Sump Size Liters | K66: Sump Size Gallons | Q66: Shift # | S66: Shift # | T66: OP # | U66: Sump Size Liters | V66: Product | W66: Conc. Low Limit | X66: Conc. High Limit | Y66: Target Conc.
B67: MWTH-1 | C67: 10A | D67: TAMTV-00004 | E67: 590 | F67: GTS-120 | G67: 5 | H67: 7 | I67: 6 | J67: =K67*3.785 -> 590 | K67: =E67/3.785 -> 155.87847 | Q67: MWTH-1 | S67: MWTH-1 | T67: 10A | U67: 590 | V67: GTS-120 | W67: 5 | X67: 7 | Y67: 6
B68: MWTH-1 | C68: 20A | D68: TAMMM-00024 | E68: 875 | F68: GTS-120 | G68: 5 | H68: 7 | I68: 6 | J68: =K68*3.785 -> 875 | K68: =E68/3.785 -> 231.17569 | Q68: MWTH-1 | S68: MWTH-1 | T68: 20A | U68: 875 | V68: GTS-120 | W68: 5 | X68: 7 | Y68: 6
B69: TF-1 | C69: 40A | D69: TAMMM-00030 | E69: 875 | F69: GTS-120 | G69: 5 | H69: 7 | I69: 6 | J69: =K69*3.785 -> 875 | K69: =E69/3.785 -> 231.17569 | Q69: TF-1 | S69: MWTH-1 | T69: 10B | U69: 590 | V69: GTS-120 | W69: 5 | X69: 7 | Y69: 6
B70: TF-1 | C70: 50A | D70: TAMMM-00025 | E70: 875 | F70: GTS-120 | G70: 5 | H70: 7 | I70: 6 | J70: =K70*3.785 -> 875 | K70: =E70/3.785 -> 231.17569 | Q70: TF-1 | S70: MWTH-1 | T70: 20B | U70: 875 | V70: GTS-120 | W70: 5 | X70: 7 | Y70: 6
B71: TF-1 | C71: 60A | D71: TAMMM-00031 | E71: 875 | F71: GTS-120 | G71: 5 | H71: 7 | I71: 6 | J71: =K71*3.785 -> 875 | K71: =E71/3.785 -> 231.17569 | Q71: TF-1 | S71: MWTH-1 | T71: 10C | U71: 590 | V71: GTS-120 | W71: 5 | X71: 7 | Y71: 6
B72: MWTH-1 | C72: 10B | D72: TAMTV-00005 | E72: 590 | F72: GTS-120 | G72: 5 | H72: 7 | I72: 6 | J72: =K72*3.785 -> 590 | K72: =E72/3.785 -> 155.87847 | Q72: MWTH-1 | S72: MWTH-1 | T72: 20C | U72: 875 | V72: GTS-120 | W72: 5 | X72: 7 | Y72: 6
B73: MWTH-1 | C73: 20B | D73: TAMMM-00026 | E73: 875 | F73: GTS-120 | G73: 5 | H73: 7 | I73: 6 | J73: =K73*3.785 -> 875 | K73: =E73/3.785 -> 231.17569 | Q73: MWTH-1 | S73: MWTH-2 | T73: 10D | U73: 590 | V73: GTS-120 | W73: 5 | X73: 7 | Y73: 6
B74: TF-1 | C74: 40B | D74: TAMMM-00027 | E74: 875 | F74: GTS-120 | G74: 5 | H74: 7 | I74: 6 | J74: =K74*3.785 -> 875 | K74: =E74/3.785 -> 231.17569 | Q74: TF-1 | S74: MWTH-2 | T74: 20D | U74: 875 | V74: GTS-120 | W74: 5 | X74: 7 | Y74: 6
B75: TF-1 | C75: 50B | D75: TAMMM-000032 | E75: 875 | F75: GTS-120 | G75: 5 | H75: 7 | I75: 6 | J75: =K75*3.785 -> 875 | K75: =E75/3.785 -> 231.17569 | Q75: TF-1 | S75: MWTH-1 | T75: 10E | U75: 590 | V75: GTS-120 | W75: 5 | X75: 7 | Y75: 6
B76: MWTH-1 | C76: 10C | D76: TAMTV-00002 | E76: 590 | F76: GTS-120 | G76: 5 | H76: 7 | I76: 6 | J76: =K76*3.785 -> 590 | K76: =E76/3.785 -> 155.87847 | Q76: MWTH-1 | S76: MWTH-2 | T76: 40E | U76: 875 | V76: GTS-120 | W76: 5 | X76: 7 | Y76: 6
B77: MWTH-1 | C77: 20C | D77: TAMMM-00033 | E77: 875 | F77: GTS-120 | G77: 5 | H77: 7 | I77: 6 | J77: =K77*3.785 -> 875 | K77: =E77/3.785 -> 231.17569 | Q77: MWTH-1 | S77: MWTH-2 | T77: 10F | U77: 590 | V77: GTS-120 | W77: 5 | X77: 7 | Y77: 6
B78: TF-1 | C78: 40C | D78: TAMMM-00041 | E78: 875 | F78: GTS-120 | G78: 5 | H78: 7 | I78: 6 | J78: =K78*3.785 -> 875 | K78: =E78/3.785 -> 231.17569 | Q78: TF-1 | S78: MWTH-2 | T78: 20F | U78: 875 | V78: GTS-120 | W78: 5 | X78: 7 | Y78: 6
... B80: TF-1 | C80: 60C | D80: TAMMM-00028 | E80: 875 | F80: GTS-120 | G80: 5 | H80: 7 | I80: 6 | J80: =K80*3.785 -> 875 | K80: =E80/3.785 -> 231.17569 | Q80: TF-1 | S80: MWTH-2 | T80: 20G | U80: 875 | V80: GTS-120 | W80: 5 | X80: 7 | Y80: 6
B81: MWTH-2 | C81: 10D | D81: UAMTV-00002 | E81: 590 | F81: GTS-120 | G81: 5 | H81: 7 | I81: 6 | J81: =K81*3.785 -> 590 | K81: =E81/3.785 -> 155.87847 | Q81: MWTH-2
B82: MWTH-2 | C82: 20D | D82: UAMMM-00017 | E82: 875 | F82: GTS-120 | G82: 5 | H82: 7 | I82: 6 | J82: =K82*3.785 -> 875 | K82: =E82/3.785 -> 231.17569 | Q82: MWTH-2 | S82: TF-1 | T82: 40A | U82: 875 | V82: GTS-120 | W82: 5 | X82: 7 | Y82: 6
B83: TF-2 | C83: 40D | D83: UAMMM-00016 | E83: 875 | F83: GTS-120 | G83: 5 | H83: 7 | I83: 6 | J83: =K83*3.785 -> 875 | K83: =E83/3.785 -> 231.17569 | Q83: TF-2 | S83: TF-1 | T83: 50A | U83: 875 | V83: GTS-120 | W83: 5 | X83: 7 | Y83: 6
B84: TF-2 | C84: 50D | D84: UAMMM-00015 | E84: 875 | F84: GTS-120 | G84: 5 | H84: 7 | I84: 6 | J84: =K84*3.785 -> 875 | K84: =E84/3.785 -> 231.17569 | Q84: TF-2 | S84: TF-1 | T84: 60A | U84: 875 | V84: GTS-120 | W84: 5 | X84: 7 | Y84: 6
B85: TF-2 | C85: 60D | D85: UAMMM-00014 | E85: 875 | F85: GTS-120 | G85: 5 | H85: 7 | I85: 6 | J85: =K85*3.785 -> 875 | K85: =E85/3.785 -> 231.17569 | Q85: TF-2 | S85: TF-1 | T85: 40B | U85: 875 | V85: GTS-120 | W85: 5 | X85: 7 | Y85: 6
B86: MWTH-1 | C86: 10E | D86: UAMTV-00001 | E86: 590 | F86: GTS-120 | G86: 5 | H86: 7 | I86: 6 | J86: =K86*3.785 -> 590 | K86: =E86/3.785 -> 155.87847 | Q86: MWTH-1 | S86: TF-1 | T86: 50B | U86: 875 | V86: GTS-120 | W86: 5 | X86: 7 | Y86: 6
B87: TF-1 | C87: 20E | D87: UAMMM-00013 | E87: 875 | F87: GTS-120 | G87: 5 | H87: 7 | I87: 6 | J87: =K87*3.785 -> 875 | K87: =E87/3.785 -> 231.17569 | Q87: TF-1 | S87: TF-1 | T87: 40C | U87: 875 | V87: GTS-120 | W87: 5 | X87: 7 | Y87: 6
B88: MWTH-2 | C88: 40E | D88: UAMMM-00012 | E88: 875 | F88: GTS-120 | G88: 5 | H88: 7 | I88: 6 | J88: =K88*3.785 -> 875 | K88: =E88/3.785 -> 231.17569 | Q88: MWTH-2 | S88: TF-1 | T88: 50C | U88: 875 | V88: GTS-120 | W88: 5 | X88: 7 | Y88: 6
B89: TF-2 | C89: 50E | D89: UAMMM-00011 | E89: 875 | F89: GTS-120 | G89: 5 | H89: 7 | I89: 6 | J89: =K89*3.785 -> 875 | K89: =E89/3.785 -> 231.17569 | Q89: TF-2 | S89: TF-1 | T89: 60C | U89: 875 | V89: GTS-120 | W89: 5 | X89: 7 | Y89: 6
B90: MWTH-2 | C90: 10F | D90: TAMTV-00001 | E90: 590 | F90: GTS-120 | G90: 5 | H90: 7 | I90: 6 | J90: =K90*3.785 -> 590 | K90: =E90/3.785 -> 155.87847 | Q90: MWTH-2 | S90: TF-2 | T90: 40D | U90: 875 | V90: GTS-120 | W90: 5 | X90: 7 | Y90: 6
B91: MWTH-2 | C91: 20F | D91: TAMMM-00037 | E91: 875 | F91: GTS-120 | G91: 5 | H91: 7 | I91: 6 | J91: =K91*3.785 -> 875 | K91: =E91/3.785 -> 231.17569 | Q91: MWTH-2 | S91: TF-2 | T91: 50D | U91: 875 | V91: GTS-120 | W91: 5 | X91: 7 | Y91: 6
B92: TF-2 | C92: 40F | D92: TAMMM-00038 | E92: 875 | F92: GTS-120 | G92: 5 | H92: 7 | I92: 6 | J92: =K92*3.785 -> 875 | K92: =E92/3.785 -> 231.17569 | Q92: TF-2 | S92: TF-2 | T92: 60D | U92: 875 | V92: GTS-120 | W92: 5 | X92: 7 | Y92: 6
B93: TF-2 | C93: 50F | D93: TAMMM-00039 | E93: 875 | F93: GTS-120 | G93: 5 | H93: 7 | I93: 6 | J93: =K93*3.785 -> 875 | K93: =E93/3.785 -> 231.17569 | Q93: TF-2 | S93: TF-1 | T93: 20E | U93: 875 | V93: GTS-120 | W93: 5 | X93: 7 | Y93: 6
... B98: TF-2 | C98: 50G | D98: TAMMM-00036 | E98: 875 | F98: GTS-120 | G98: 5 | H98: 7 | I98: 6 | J98: =K98*3.785 -> 875 | K98: =E98/3.785 -> 231.17569 | Q98: TF-2 | S98: TF-2 | T98: 40G | U98: 875 | V98: GTS-120 | W98: 5 | X98: 7 | Y98: 6
S99: TF-2 | T99: 50G | U99: 875 | V99: GTS-120 | W99: 5 | X99: 7 | Y99: 6
B100: MWTH-1 | C100: CARWB-64 | D100: TAMWB-00064 | E100: 830.49 | F100: G-2200TU | G100: 0.008 | H100: 0.015 | I100: 0.012 | J100: =E100 -> 830.49 | K100: =E100/3.785 -> 219.41612 | Q100: MWTH-1
B101: MWTH-2 | C101: CARWB-66 | D101: TAMWB-00066 | E101: 830.49 | F101: G-2200TU | G101: 0.008 | H101: 0.015 | I101: 0.012 | J101: =E101 -> 830.49 | K101: =E101/3.785 -> 219.41612 | Q101: MWTH-2
B104: CAP | Q104: CAP
B105: Shift # | C105: OP # | D105: Machine # | E105: Sump Size Liters | F105: Product | G105: Conc. Low Limit | H105: Conc. High Limit | I105: Target Conc. | J105: Sump Size Liters | K105: Sump Size Gallons | Q105: Shift # | S105: Shift # | T105: OP # | U105: Sump Size Liters | V105: Product | W105: Conc. Low Limit | X105: Conc. High Limit | Y105: Target Conc.
B106: MWTH-1 | C106: 10A | D106: TAMMM-00042 | E106: 875 | F106: GTS-120 | G106: 5 | H106: 7 | I106: 6 | J106: =K106*3.785 -> 875 | K106: =E106/3.785 -> 231.17569 | Q106: MWTH-1 | S106: MWTH-1 | T106: 10A | U106: 875 | V106: GTS-120 | W106: 5 | X106: 7 | Y106: 6
B107: TF-1 | C107: 10B | D107: TAMMM-00043 | E107: 875 | F107: GTS-120 | G107: 5 | H107: 7 | I107: 6 | J107: =K107*3.785 -> 875 | K107: =E107/3.785 -> 231.17569 | Q107: TF-1 | S107: MWTH-1 | T107: 10C | U107: 875 | V107: GTS-120 | W107: 5 | X107: 7 | Y107: 6
B108: MWTH-1 | C108: 10C | D108: UAMMM-00018 | E108: 875 | F108: GTS-120 | G108: 5 | H108: 7 | I108: 6 | J108: 875 | K108: 231 | Q108: MWTH-1 | S108: MWTH-2 | T108: 10D | U108: 875 | V108: GTS-120 | W108: 5 | X108: 7 | Y108: 6
B109: MWTH-2 | C109: 10D | D109: UAMMM-00019 | E109: 875 | F109: GTS-120 | G109: 5 | H109: 7 | I109: 6 | J109: 875 | K109: 231 | Q109: MWTH-2 | S109: MWTH-2 | T109: 10E | U109: 875 | V109: GTS-120 | W109: 5 | X109: 7 | Y109: 6
B110: MWTH-2 | C110: 10E | D110: TAMMM-00044 | E110: 875 | F110: GTS-120 | G110: 5 | H110: 7 | I110: 6 | J110: =K110*3.785 -> 875 | K110: =E110/3.785 -> 231.17569 | Q110: MWTH-2
B111: TF-2 | C111: 10F | D111: TAMMM-00045 | E111: 875 | F111: GTS-120 | G111: 5 | H111: 7 | I111: 6 | J111: =K111*3.785 -> 875 | K111: =E111/3.785 -> 231.17569 | Q111: TF-2 | S111: TF-1 | T111: 10B | U111: 875 | V111: GTS-120 | W111: 5 | X111: 7 | Y111: 6
S112: TF-2 | T112: 10F | U112: 875 | V112: GTS-120 | W112: 5 | X112: 7 | Y112: 6
B113: MWTH-1 | C113: CAPWB-67 | D113: TAMWB-00067 | E113: 590 | F113: G-2200TU | G113: 0.008 | H113: 0.015 | I113: 0.012 | J113: =E113 -> 590 | K113: =E113/3.785 -> 155.87847 | Q113: MWTH-1
B114: MWTH-2 | C114: CAPWB-68 | D114: TAMWB-00068 | E114: 590 | F114: G-2200TU | G114: 0.008 | H114: 0.015 | I114: 0.012 | J114: =E114 -> 590 | K114: =E114/3.785 -> 155.87847 | Q114: MWTH-2
B115: MWTH-2 | C115: CAPWB-51 | D115: UAMWB-00051 | E115: 590 | F115: G-2200TU | G115: 0.008 | H115: 0.015 | I115: 0.012 | J115: =E115 -> 590 | K115: =E115/3.785 -> 155.87847 | Q115: MWTH-2
B119: CASE | Q119: CASE
B120: Shift # | C120: OP # | D120: Machine # | E120: Sump Size Liters | F120: Product | G120: Conc. Low Limit | H120: Conc. High Limit | I120: Target Conc. | J120: Sump Size Liters | K120: Sump Size Gallons | Q120: Shift # | S120: Shift # | T120: OP # | U120: Sump Size Liters | V120: Product | W120: Conc. Low Limit | X120: Conc. High Limit | Y120: Target Conc.
B121: MWTH-1 | C121: 10-1 | D121: TAMLA-00055 | E121: 1010 | F121: GTS-120 | G121: 5 | H121: 7 | I121: 6 | J121: =K121*3.785 -> 1010 | K121: =E121/3.785 -> 266.8428 | Q121: MWTH-1 | S121: MWTH-1 | T121: 10-1 | U121: 1010 | V121: GTS-120 | W121: 5 | X121: 7 | Y121: 6
B122: MWTH-1 | C122: 20-1 | D122: TAMLA-00056 | E122: 1010 | F122: GTS-120 | G122: 5 | H122: 7 | I122: 6 | J122: =K122*3.785 -> 1010 | K122: =E122/3.785 -> 266.8428 | Q122: MWTH-1 | S122: MWTH-1 | T122: 20-1 | U122: 1010 | V122: GTS-120 | W122: 5 | X122: 7 | Y122: 6
B123: MWTH-1 | C123: 30-1 | D123: TAMLA-00057 | E123: 1010 | F123: GTS-120 | G123: 5 | H123: 7 | I123: 6 | J123: =K123*3.785 -> 1010 | K123: =E123/3.785 -> 266.8428 | Q123: MWTH-1 | S123: MWTH-1 | T123: 30-1 | U123: 1010 | V123: GTS-120 | W123: 5 | X123: 7 | Y123: 6
B124: TF-2 | C124: 40-1 | D124: TAMSP-00374 | E124: 925 | F124: GTS-120 | G124: 5 | H124: 7 | I124: 6 | J124: =K124*3.785 -> 925 | K124: =E124/3.785 -> 244.38573 | Q124: TF-2 | S124: MWTH-2 | T124: 10-2 | U124: 1010 | V124: GTS-120 | W124: 5 | X124: 7 | Y124: 6
B125: TF-2 | C125: 50-1 | D125: TAMSP-00370 | E125: 925 | F125: GTS-120 | G125: 5 | H125: 7 | I125: 6 | J125: =K125*3.785 -> 925 | K125: =E125/3.785 -> 244.38573 | Q125: TF-2 | S125: MWTH-2 | T125: 20-2 | U125: 1010 | V125: GTS-120 | W125: 5 | X125: 7 | Y125: 6
B126: TF-2 | C126: 60-1 | D126: TAMSP-00371 | E126: 925 | F126: GTS-120 | G126: 5 | H126: 7 | I126: 6 | J126: =K126*3.785 -> 925 | K126: =E126/3.785 -> 244.38573 | Q126: TF-2 | S126: MWTH-2 | T126: 30-2 | U126: 1010 | V126: GTS-120 | W126: 5 | X126: 7 | Y126: 6
B127: TF-2 | C127: 70-1 | D127: TAMSP-00372 | E127: 925 | F127: GTS-120 | G127: 5 | H127: 7 | I127: 6 | J127: =K127*3.785 -> 925 | K127: =E127/3.785 -> 244.38573 | Q127: TF-2 | S127: MWTH-2 | T127: 40-2 | U127: 925 | V127: GTS-120 | W127: 5 | X127: 7 | Y127: 6
B128: MWTH-2 | C128: 10-2 | D128: TAMLA-00058 | E128: 1010 | F128: GTS-120 | G128: 5 | H128: 7 | I128: 6 | J128: =K128*3.785 -> 1010 | K128: =E128/3.785 -> 266.8428 | Q128: MWTH-2 | S128: MWTH-2 | T128: 50-2 | U128: 925 | V128: GTS-120 | W128: 5 | X128: 7 | Y128: 6
B129: MWTH-2 | C129: 20-2 | D129: TAMLA-00059 | E129: 1010 | F129: GTS-120 | G129: 5 | H129: 7 | I129: 6 | J129: =K129*3.785 -> 1010 | K129: =E129/3.785 -> 266.8428 | Q129: MWTH-2 | S129: MWTH-2 | T129: 60-2 | U129: 925 | V129: GTS-120 | W129: 5 | X129: 7 | Y129: 6
B130: MWTH-2 | C130: 30-2 | D130: TAMLA-00060 | E130: 1010 | F130: GTS-120 | G130: 5 | H130: 7 | I130: 6 | J130: =K130*3.785 -> 1010 | K130: =E130/3.785 -> 266.8428 | Q130: MWTH-2 | S130: MWTH-2 | T130: 70-2 | U130: 925 | V130: GTS-120 | W130: 5 | X130: 7 | Y130: 6
B131: MWTH-2 | C131: 40-2 | D131: TAMSP-00375 | E131: 925 | F131: GTS-120 | G131: 5 | H131: 7 | I131: 6 | J131: =K131*3.785 -> 925 | K131: =E131/3.785 -> 244.38573 | Q131: MWTH-2
B132: MWTH-2 | C132: 50-2 | D132: TAMSP-00376 | E132: 925 | F132: GTS-120 | G132: 5 | H132: 7 | I132: 6 | J132: =K132*3.785 -> 925 | K132: =E132/3.785 -> 244.38573 | Q132: MWTH-2 | S132: TF-2 | T132: 40-1 | U132: 925 | V132: GTS-120 | W132: 5 | X132: 7 | Y132: 6
B133: MWTH-2 | C133: 60-2 | D133: TAMSP-00377 | E133: 925 | F133: GTS-120 | G133: 5 | H133: 7 | I133: 6 | J133: =K133*3.785 -> 925 | K133: =E133/3.785 -> 244.38573 | Q133: MWTH-2 | S133: TF-2 | T133: 50-1 | U133: 925 | V133: GTS-120 | W133: 5 | X133: 7 | Y133: 6
B134: MWTH-2 | C134: 70-2 | D134: TAMSP-00378 | E134: 925 | F134: GTS-120 | G134: 5 | H134: 7 | I134: 6 | J134: =K134*3.785 -> 925 | K134: =E134/3.785 -> 244.38573 | Q134: MWTH-2 | S134: TF-2 | T134: 60-1 | U134: 925 | V134: GTS-120 | W134: 5 | X134: 7 | Y134: 6
S135: TF-2 | T135: 70-1 | U135: 925 | V135: GTS-120 | W135: 5 | X135: 7 | Y135: 6
B136: MWTH-1 | C136: CASWB-61 | D136: TAMWB-00061 | E136: 600 | F136: G-2200TU | G136: 0.008 | H136: 0.015 | I136: 0.012 | J136: =E136 -> 600 | K136: =E136/3.785 -> 158.52048 | Q136: MWTH-1
B137: MWTH-2 | C137: CASWB-62 | D137: TAMWB-00062 | E137: 600 | F137: G-2200TU | G137: 0.008 | H137: 0.015 | I137: 0.012 | J137: =E137 -> 600 | K137: =E137/3.785 -> 158.52048 | Q137: MWTH-2
B140: MANUAL CASE | Q140: MANUAL CASE
B141: Shift # | C141: OP # | D141: Machine # | E141: Sump Size Liters | F141: Product | G141: Conc. Low Limit | H141: Conc. High Limit | I141: Target Conc. | J141: Sump Size Liters | K141: Sump Size Gallons | Q141: Shift # | S141: Shift # | T141: OP # | U141: Sump Size Liters | V141: Product | W141: Conc. Low Limit | X141: Conc. High Limit | Y141: Target Conc.
B142: TF-1 | C142: 110 | D142: UKMMM-00012 | E142: 680 | F142: GTS-120 | G142: 5 | H142: 7 | I142: 6 | J142: =K142*3.785 -> 680 | K142: =E142/3.785 -> 179.65654 | Q142: TF-1 | S142: MWTH-1 | T142: 110 | U142: 680 | V142: GTS-120 | W142: 5 | X142: 7 | Y142: 6
...

Sheet MWTh
B1: Shift: | G1: Tech: | M1: WEEK: | N1: Shift: | S1: Tech: | Y1: WEEK: | Z1: Shift: | AA1: 2nd | AE1: Tech: | AK1: WEEK: | AL1: Shift: | AM1: 2nd | AQ1: Tech: | AW1: WEEK: | AX1: Shift: | AY1: 2nd | BC1: Tech: | BI1: WEEK: | BK1: WEEKLY COMMENTS | BL1: Shift: | BM1: 2nd | BQ1: Tech: | BW1: WEEK: | BX1: Shift: | BY1: 2nd | CC1: Tech: | CI1: WEEK: | CJ1: Shift: | CK1: 2nd | CO1: Tech: | CU1: WEEK: | CV1: Shift: | CW1: 2nd | DA1: Tech: | DG1: WEEK: | DH1: Shift: | DI1: 2nd | DM1: Tech: | DS1: WEEK: | DU1: WEEKLY COMMENTS | DV1: Shift: | DW1: 2nd | EA1: Tech: | EG1: WEEK: | EH1: Shift: | EI1: 2nd | EM1: Tech: | ES1: WEEK: | ET1: Shift: | EU1: 2nd | EY1: Tech: | FE1: WEEK: | FF1: Shift: | FG1: 2nd | FK1: Tech: | FQ1: WEEK: | FR1: Shift: | FS1: 2nd | FW1: Tech: | GC1: WEEK: | GE1: WEEKLY COMMENTS | GF1: Shift: | GG1: 2nd | GK1: Tech: | GQ1: WEEK: | GR1: Shift: | GS1: 2nd | GW1: Tech: | HC1: WEEK: | HD1: Shift: | HE1: 2nd | HI1: Tech: | HO1: WEEK: | HP1: Shift: | HQ1: 2nd | HU1: Tech: | IA1: WEEK: | IB1: Shift: | IC1: 2nd | IG1: Tech: | IM1: WEEK: | IO1: WEEKLY COMMENTS | IP1: Shift: | IQ1: 2nd | IU1: Tech: | JA1: WEEK: | JB1: Shift: | JC1: 2nd | JG1: Tech: | JM1: WEEK: | JN1: Shift: | JO1: 2nd | JS1: Tech: | JY1: WEEK: | JZ1: Shift: | KA1: 2nd | KE1: Tech: | KK1: WEEK: | KL1: Shift: | KM1: 2nd | KQ1: Tech: | KW1: WEEK: | KY1: WEEKLY COMMENTS
B2: Type: | C2: Spot Checks | G2: Date: | H2: 46300 | M2: 1 | N2: Type: | O2: Spot Checks | S2: Date: | T2: =H2+1 -> 46301 | Y2: 1 | Z2: Type: | AA2: Spot Checks | AE2: Date: | AF2: =T2+1 -> 46302 | AK2: 1 | AL2: Type: | AM2: Spot Checks | AQ2: Date: | AR2: =AF2+1 -> 46303 | AW2: 1 | AX2: Type: | AY2: Spot Checks | BC2: Date: | BD2: =AR2+1 -> 46304 | BI2: 1 | BL2: Type: | BM2: Spot Checks | BQ2: Date: | BR2: =BD2+3 -> 46307 | BW2: 2 | BX2: Type: | BY2: Spot Checks | CC2: Date: | CD2: =BR2+1 -> 46308 | CI2: 2 | CJ2: Type: | CK2: Spot Checks | CO2: Date: | CP2: =CD2+1 -> 46309 | CU2: 2 | CV2: Type: | CW2: Spot Checks | DA2: Date: | DB2: =CP2+1 -> 46310 | DG2: 2 | DH2: Type: | DI2: Spot Checks | DM2: Date: | DN2: =DB2+1 -> 46311 | DS2: 2 | DV2: Type: | DW2: Spot Checks | EA2: Date: | EB2: =DN2+3 -> 46314 | EG2: 3 | EH2: Type: | EI2: Spot Checks | EM2: Date: | EN2: =EB2+1 -> 46315 | ES2: 3 | ET2: Type: | EU2: Spot Checks | EY2: Date: | EZ2: =EN2+1 -> 46316 | FE2: 3 | FF2: Type: | FG2: Spot Checks | FK2: Date: | FL2: =EZ2+1 -> 46317 | FQ2: 3 | FR2: Type: | FS2: Spot Checks | FW2: Date: | FX2: =FL2+1 -> 46318 | GC2: 3 | GF2: Type: | GG2: Spot Checks | GK2: Date: | GL2: =FX2+3 -> 46321 | GQ2: 4 | GR2: Type: | GS2: Spot Checks | GW2: Date: | GX2: =GL2+1 -> 46322 | HC2: 4 | HD2: Type: | HE2: Spot Checks | HI2: Date: | HJ2: =GX2+1 -> 46323 | HO2: 4 | HP2: Type: | HQ2: Spot Checks | HU2: Date: | HV2: =HJ2+1 -> 46324 | IA2: 4 | IB2: Type: | IC2: Spot Checks | IG2: Date: | IH2: =HV2+1 -> 46325 | IM2: 4 | IP2: Type: | IQ2: Spot Checks | IU2: Date: | IV2: =IH2+3 -> 46328 | JA2: 5 | JB2: Type: | JC2: Spot Checks | JG2: Date: | JH2: =IV2+1 -> 46329 | JM2: 5 | JN2: Type: | JO2: Spot Checks | JS2: Date: | JT2: =JH2+1 -> 46330 | JY2: 5 | JZ2: Type: | KA2: Spot Checks | KE2: Date: | KF2: =JT2+1 -> 46331 | KK2: 5 | KL2: Type: | KM2: Spot Checks | KQ2: Date: | KR2: =KF2+1 -> 46332 | KW2: 5
B4: SHAFT | M4: =H2 -> 46300 | N4: SHAFT | Y4: =T2 -> 46301 | Z4: SHAFT | AK4: =AF2 -> 46302 | AL4: SHAFT | AW4: =AR2 -> 46303 | AX4: SHAFT | BI4: =BD2 -> 46304 | BJ4: TOTAL VIRGIN | BK4: WEEKLY COMMENTS | BL4: SHAFT | BW4: =BR2 -> 46307 | BX4: SHAFT | CI4: =CD2 -> 46308 | CJ4: SHAFT | CU4: =CP2 -> 46309 | CV4: SHAFT | DG4: =DB2 -> 46310 | DH4: SHAFT | DS4: =DN2 -> 46311 | DT4: TOTAL VIRGIN | DU4: WEEKLY COMMENTS | DV4: SHAFT | EG4: =EB2 -> 46314 | EH4: SHAFT | ES4: =EN2 -> 46315 | ET4: SHAFT | FE4: =EZ2 -> 46316 | FF4: SHAFT | FQ4: =FL2 -> 46317 | FR4: SHAFT | GC4: =FX2 -> 46318 | GD4: TOTAL VIRGIN | GE4: WEEKLY COMMENTS | GF4: SHAFT | GQ4: =GL2 -> 46321 | GR4: SHAFT | HC4: =GX2 -> 46322 | HD4: SHAFT | HO4: =HJ2 -> 46323 | HP4: SHAFT | IA4: =HV2 -> 46324 | IB4: SHAFT | IM4: =IH2 -> 46325 | IN4: TOTAL VIRGIN | IO4: WEEKLY COMMENTS | IP4: SHAFT | JA4: =IV2 -> 46328 | JB4: SHAFT | JM4: =JH2 -> 46329 | JN4: SHAFT | JY4: =JT2 -> 46330 | JZ4: SHAFT | KK4: =KF2 -> 46331 | KL4: SHAFT | KW4: =KR2 -> 46332 | KX4: TOTAL VIRGIN | KY4: WEEKLY COMMENTS
B5: OP # | C5: Product | D5: Sump Size (Liters) | E5: Conc. Range (%) | F5: Initial Refrac | G5: Initial RI | H5: Tank Level | I5: Skimmer | J5: Product Added (Liters) | K5: Product Added (Gal.) | L5: Comments | M5: Final RI | N5: OP # | O5: Product | P5: Sump Size (Liters) | Q5: Conc. Range (%) | R5: Initial Refrac | S5: Initial RI | T5: Tank Level | U5: Skimmer | V5: Product Added (Liters) | W5: Product Added (Gal.) | X5: Comments | Y5: Final RI | Z5: OP # | AA5: Product | AB5: Sump Size (Liters) | AC5: Conc. Range (%) | AD5: Initial Refrac | AE5: Initial RI | AF5: Tank Level | AG5: Skimmer | AH5: Product Added (Liters) | AI5: Product Added (Gal.) | AJ5: Comments | AK5: Final RI | AL5: OP # | AM5: Product | AN5: Sump Size (Liters) | AO5: Conc. Range (%) | AP5: Initial Refrac | AQ5: Initial RI | AR5: Tank Level | AS5: Skimmer | AT5: Product Added (Liters) | AU5: Product Added (Gal.) | AV5: Comments | AW5: Final RI | AX5: OP # | AY5: Product | AZ5: Sump Size (Liters) | BA5: Conc. Range (%) | BB5: Initial Refrac | BC5: Initial RI | BD5: Tank Level | BE5: Skimmer | BF5: Product Added (Liters) | BG5: Product Added (Gal.) | BH5: Comments | BI5: Final RI | BL5: OP # | BM5: Product | BN5: Sump Size (Liters) | BO5: Conc. Range (%) | BP5: Initial Refrac | BQ5: Initial RI | BR5: Tank Level | BS5: Skimmer | BT5: Product Added (Liters) | BU5: Product Added (Gal.) | BV5: Comments | BW5: Final RI | BX5: OP # | BY5: Product | BZ5: Sump Size (Liters) | CA5: Conc. Range (%) | CB5: Initial Refrac | CC5: Initial RI | CD5: Tank Level | CE5: Skimmer | CF5: Product Added (Liters) | CG5: Product Added (Gal.) | CH5: Comments | CI5: Final RI | CJ5: OP # | CK5: Product | CL5: Sump Size (Liters) | CM5: Conc. Range (%) | CN5: Initial Refrac | CO5: Initial RI | CP5: Tank Level | CQ5: Skimmer | CR5: Product Added (Liters) | CS5: Product Added (Gal.) | CT5: Comments | CU5: Final RI | CV5: OP # | CW5: Product | CX5: Sump Size (Liters) | CY5: Conc. Range (%) | CZ5: Initial Refrac | DA5: Initial RI | DB5: Tank Level | DC5: Skimmer | DD5: Product Added (Liters) | DE5: Product Added (Gal.) | DF5: Comments | DG5: Final RI | DH5: OP # | DI5: Product | DJ5: Sump Size (Liters) | DK5: Conc. Range (%) | DL5: Initial Refrac | DM5: Initial RI | DN5: Tank Level | DO5: Skimmer | DP5: Product Added (Liters) | DQ5: Product Added (Gal.) | DR5: Comments | DS5: Final RI | DV5: OP # | DW5: Product | DX5: Sump Size (Liters) | DY5: Conc. Range (%) | DZ5: Initial Refrac | EA5: Initial RI | EB5: Tank Level | EC5: Skimmer | ED5: Product Added (Liters) | EE5: Product Added (Gal.) | EF5: Comments | EG5: Final RI | EH5: OP # | EI5: Product | EJ5: Sump Size (Liters) | EK5: Conc. Range (%) | EL5: Initial Refrac | EM5: Initial RI | EN5: Tank Level | EO5: Skimmer | EP5: Product Added (Liters) | EQ5: Product Added (Gal.) | ER5: Comments | ES5: Final RI | ET5: OP # | EU5: Product | EV5: Sump Size (Liters) | EW5: Conc. Range (%) | EX5: Initial Refrac | EY5: Initial RI | EZ5: Tank Level | FA5: Skimmer | FB5: Product Added (Liters) | FC5: Product Added (Gal.) | FD5: Comments | FE5: Final RI | FF5: OP # | FG5: Product | FH5: Sump Size (Liters) | FI5: Conc. Range (%) | FJ5: Initial Refrac | FK5: Initial RI | FL5: Tank Level | FM5: Skimmer | FN5: Product Added (Liters) | FO5: Product Added (Gal.) | FP5: Comments | FQ5: Final RI | FR5: OP # | FS5: Product | FT5: Sump Size (Liters) | FU5: Conc. Range (%) | FV5: Initial Refrac | FW5: Initial RI | FX5: Tank Level | FY5: Skimmer | FZ5: Product Added (Liters) | GA5: Product Added (Gal.) | GB5: Comments | GC5: Final RI | GF5: OP # | GG5: Product | GH5: Sump Size (Liters) | GI5: Conc. Range (%) | GJ5: Initial Refrac | GK5: Initial RI | GL5: Tank Level | GM5: Skimmer | GN5: Product Added (Liters) | GO5: Product Added (Gal.) | GP5: Comments | GQ5: Final RI | GR5: OP # | GS5: Product | GT5: Sump Size (Liters) | GU5: Conc. Range (%) | GV5: Initial Refrac | GW5: Initial RI | GX5: Tank Level | GY5: Skimmer | GZ5: Product Added (Liters) | HA5: Product Added (Gal.) | HB5: Comments | HC5: Final RI | HD5: OP # | HE5: Product | HF5: Sump Size (Liters) | HG5: Conc. Range (%) | HH5: Initial Refrac | HI5: Initial RI | HJ5: Tank Level | HK5: Skimmer | HL5: Product Added (Liters) | HM5: Product Added (Gal.) | HN5: Comments | HO5: Final RI | HP5: OP # | HQ5: Product | HR5: Sump Size (Liters) | HS5: Conc. Range (%) | HT5: Initial Refrac | HU5: Initial RI | HV5: Tank Level | HW5: Skimmer | HX5: Product Added (Liters) | HY5: Product Added (Gal.) | HZ5: Comments | IA5: Final RI | IB5: OP # | IC5: Product | ID5: Sump Size (Liters) | IE5: Conc. Range (%) | IF5: Initial Refrac | IG5: Initial RI | IH5: Tank Level | II5: Skimmer | IJ5: Product Added (Liters) | IK5: Product Added (Gal.) | IL5: Comments | IM5: Final RI | IP5: OP # | IQ5: Product | IR5: Sump Size (Liters) | IS5: Conc. Range (%) | IT5: Initial Refrac | IU5: Initial RI | IV5: Tank Level | IW5: Skimmer | IX5: Product Added (Liters) | IY5: Product Added (Gal.) | IZ5: Comments | JA5: Final RI | JB5: OP # | JC5: Product | JD5: Sump Size (Liters) | JE5: Conc. Range (%) | JF5: Initial Refrac | JG5: Initial RI | JH5: Tank Level | JI5: Skimmer | JJ5: Product Added (Liters) | JK5: Product Added (Gal.) | JL5: Comments | JM5: Final RI | JN5: OP # | JO5: Product | JP5: Sump Size (Liters) | JQ5: Conc. Range (%) | JR5: Initial Refrac | JS5: Initial RI | JT5: Tank Level | JU5: Skimmer | JV5: Product Added (Liters) | JW5: Product Added (Gal.) | JX5: Comments | JY5: Final RI | JZ5: OP # | KA5: Product | KB5: Sump Size (Liters) | KC5: Conc. Range (%) | KD5: Initial Refrac | KE5: Initial RI | KF5: Tank Level | KG5: Skimmer | KH5: Product Added (Liters) | KI5: Product Added (Gal.) | KJ5: Comments | KK5: Final RI | KL5: OP # | KM5: Product | KN5: Sump Size (Liters) | KO5: Conc. Range (%) | KP5: Initial Refrac | KQ5: Initial RI | KR5: Tank Level | KS5: Skimmer | KT5: Product Added (Liters) | KU5: Product Added (Gal.) | KV5: Comments | KW5: Final RI
A6: MWTH-1 | B6: 10-L1 | C6: =VLOOKUP($B6,'OP Info'!$C$4:$J$62,4,FALSE) -> GTS-120 | D6: =VLOOKUP($B6,'OP Info'!$C$4:$J$62,3,FALSE) -> 575 | E6: =CONCATENATE(VLOOKUP($B6,'OP Info'!$C$4:$J$62,5,FALSE),"%-",VLOOKUP($B6,'OP Info'!$C$4:$J$62,6,FALSE),"%") -> 5%-7% | G6: =F6*VLOOKUP(C6,$B$157:$C$159,2,FALSE) -> 0 | J6: =IF(F6="","",IF(G6>0.049999,"",((6-ROUND(G6*100,1))*0.01)*D6)) | K6: =IF(J6="","",J6*0.264172) | N6: =$B6 -> 10-L1 | O6: =$C6 -> GTS-120 | P6: =$D6 -> 575 | Q6: =$E6 -> 5%-7% | S6: =R6*VLOOKUP(O6,$B$157:$C$159,2,FALSE) -> 0 | V6: =IF(R6="","",IF(S6>0.049999,"",((6-ROUND(S6*100,1))*0.01)*P6)) | W6: =IF(V6="","",V6*0.264172) | Y6: =IF(V6="",IF(S6=0,"",S6),"") | Z6: =$B6 -> 10-L1 | AA6: =$C6 -> GTS-120 | AB6: =$D6 -> 575 | AC6: =$E6 -> 5%-7% | AE6: =AD6*VLOOKUP(AA6,$B$157:$C$159,2,FALSE) -> 0 | AH6: =IF(AD6="","",IF(AE6>0.049999,"",((6-ROUND(AE6*100,1))*0.01)*AB6)) | AI6: =IF(AH6="","",AH6*0.264172) | AK6: =IF(AH6="",IF(AE6=0,"",AE6),"") | AL6: =$B6 -> 10-L1 | AM6: =$C6 -> GTS-120 | AN6: =$D6 -> 575 | AO6: =$E6 -> 5%-7% | AQ6: =AP6*VLOOKUP(AM6,$B$157:$C$159,2,FALSE) -> 0 | AT6: =IF(AP6="","",IF(AQ6>0.049999,"",((6-ROUND(AQ6*100,1))*0.01)*AN6)) | AU6: =IF(AT6="","",AT6*0.264172) | AW6: =IF(AT6="",IF(AQ6=0,"",AQ6),"") | AX6: =$B6 -> 10-L1 | AY6: =$C6 -> GTS-120 | AZ6: =$D6 -> 575 | BA6: =$E6 -> 5%-7% | BC6: =BB6*VLOOKUP(AY6,$B$157:$C$159,2,FALSE) -> 0 | BF6: =IF(BB6="","",IF(BC6>0.049999,"",((6-ROUND(BC6*100,1))*0.01)*AZ6)) | BG6: =IF(BF6="","",BF6*0.264172) | BI6: =IF(BF6="",IF(BC6=0,"",BC6),"") | BJ6: =SUM(K6,W6,AI6,AU6,BG6) -> 0 | BK6: =L6&X6&AJ6&AV6&BH6 | BL6: =$B6 -> 10-L1 | BM6: =$C6 -> GTS-120 | BN6: =$D6 -> 575 | BO6: =$E6 -> 5%-7% | BQ6: =BP6*VLOOKUP(BM6,$B$157:$C$159,2,FALSE) -> 0 | BT6: =IF(BP6="","",IF(BQ6>0.049999,"",((6-ROUND(BQ6*100,1))*0.01)*BN6)) | BU6: =IF(BT6="","",BT6*0.264172) | BW6: =IF(BT6="",IF(BQ6=0,"",BQ6),"") | BX6: =$B6 -> 10-L1 | BY6: =$C6 -> GTS-120 | BZ6: =$D6 -> 575 | CA6: =$E6 -> 5%-7% | CC6: =CB6*VLOOKUP(BY6,$B$157:$C$159,2,FALSE) -> 0 | CF6: =IF(CB6="","",IF(CC6>0.049999,"",((6-ROUND(CC6*100,1))*0.01)*BZ6)) | CG6: =IF(CF6="","",CF6*0.264172) | CI6: =IF(CF6="",IF(CC6=0,"",CC6),"") | CJ6: =$B6 -> 10-L1 | CK6: =$C6 -> GTS-120 | CL6: =$D6 -> 575 | CM6: =$E6 -> 5%-7% | CO6: =CN6*VLOOKUP(CK6,$B$157:$C$159,2,FALSE) -> 0 | CR6: =IF(CN6="","",IF(CO6>0.049999,"",((6-ROUND(CO6*100,1))*0.01)*CL6)) | CS6: =IF(CR6="","",CR6*0.264172) | CU6: =IF(CR6="",IF(CO6=0,"",CO6),"") | CV6: =$B6 -> 10-L1 | CW6: =$C6 -> GTS-120 | CX6: =$D6 -> 575 | CY6: =$E6 -> 5%-7% | DA6: =CZ6*VLOOKUP(CW6,$B$157:$C$159,2,FALSE) -> 0 | DD6: =IF(CZ6="","",IF(DA6>0.049999,"",((6-ROUND(DA6*100,1))*0.01)*CX6)) | DE6: =IF(DD6="","",DD6*0.264172) | DG6: =IF(DD6="",IF(DA6=0,"",DA6),"") | DH6: =$B6 -> 10-L1 | DI6: =$C6 -> GTS-120 | DJ6: =$D6 -> 575 | DK6: =$E6 -> 5%-7% | DM6: =DL6*VLOOKUP(DI6,$B$157:$C$159,2,FALSE) -> 0 | DP6: =IF(DL6="","",IF(DM6>0.049999,"",((6-ROUND(DM6*100,1))*0.01)*DJ6)) | DQ6: =IF(DP6="","",DP6*0.264172) | DS6: =IF(DP6="",IF(DM6=0,"",DM6),"") | DT6: =SUM(BU6,CG6,CS6,DE6,DQ6) -> 0 | DU6: =BV6&CH6&CT6&DF6&DR6 | DV6: =$B6 -> 10-L1 | DW6: =$C6 -> GTS-120 | DX6: =$D6 -> 575 | DY6: =$E6 -> 5%-7% | EA6: =DZ6*VLOOKUP(DW6,$B$157:$C$159,2,FALSE) -> 0 | ED6: =IF(DZ6="","",IF(EA6>0.049999,"",((6-ROUND(EA6*100,1))*0.01)*DX6)) | EE6: =IF(ED6="","",ED6*0.264172) | EG6: =IF(ED6="",IF(EA6=0,"",EA6),"") | EH6: =$B6 -> 10-L1 | EI6: =$C6 -> GTS-120 | EJ6: =$D6 -> 575 | EK6: =$E6 -> 5%-7% | EM6: =EL6*VLOOKUP(EI6,$B$157:$C$159,2,FALSE) -> 0 | EP6: =IF(EL6="","",IF(EM6>0.049999,"",((6-ROUND(EM6*100,1))*0.01)*EJ6)) | EQ6: =IF(EP6="","",EP6*0.264172) | ES6: =IF(EP6="",IF(EM6=0,"",EM6),"") | ET6: =$B6 -> 10-L1 | EU6: =$C6 -> GTS-120 | EV6: =$D6 -> 575 | EW6: =$E6 -> 5%-7% | EY6: =EX6*VLOOKUP(EU6,$B$157:$C$159,2,FALSE) -> 0 | FB6: =IF(EX6="","",IF(EY6>0.049999,"",((6-ROUND(EY6*100,1))*0.01)*EV6)) | FC6: =IF(FB6="","",FB6*0.264172) | FE6: =IF(FB6="",IF(EY6=0,"",EY6),"") | FF6: =$B6 -> 10-L1 | FG6: =$C6 -> GTS-120 | FH6: =$D6 -> 575 | FI6: =$E6 -> 5%-7% | FK6: =FJ6*VLOOKUP(FG6,$B$157:$C$159,2,FALSE) -> 0 | FN6: =IF(FJ6="","",IF(FK6>0.049999,"",((6-ROUND(FK6*100,1))*0.01)*FH6)) | FO6: =IF(FN6="","",FN6*0.264172) | FQ6: =IF(FN6="",IF(FK6=0,"",FK6),"") | FR6: =$B6 -> 10-L1 | FS6: =$C6 -> GTS-120 | FT6: =$D6 -> 575 | FU6: =$E6 -> 5%-7% | FW6: =FV6*VLOOKUP(FS6,$B$157:$C$159,2,FALSE) -> 0 | FZ6: =IF(FV6="","",IF(FW6>0.049999,"",((6-ROUND(FW6*100,1))*0.01)*FT6)) | GA6: =IF(FZ6="","",FZ6*0.264172) | GC6: =IF(FZ6="",IF(FW6=0,"",FW6),"") | GD6: =SUM(EE6,EQ6,FC6,FO6,GA6) -> 0 | GE6: =EF6&ER6&FD6&FP6&GB6 | GF6: =$B6 -> 10-L1 | GG6: =$C6 -> GTS-120 | GH6: =$D6 -> 575 | GI6: =$E6 -> 5%-7% | GK6: =GJ6*VLOOKUP(GG6,$B$157:$C$159,2,FALSE) -> 0 | GN6: =IF(GJ6="","",IF(GK6>0.049999,"",((6-ROUND(GK6*100,1))*0.01)*GH6)) | GO6: =IF(GN6="","",GN6*0.264172) | GQ6: =IF(GN6="",IF(GK6=0,"",GK6),"") | GR6: =$B6 -> 10-L1 | GS6: =$C6 -> GTS-120 | GT6: =$D6 -> 575 | GU6: =$E6 -> 5%-7% | GW6: =GV6*VLOOKUP(GS6,$B$157:$C$159,2,FALSE) -> 0 | GZ6: =IF(GV6="","",IF(GW6>0.049999,"",((6-ROUND(GW6*100,1))*0.01)*GT6)) | HA6: =IF(GZ6="","",GZ6*0.264172) | HC6: =IF(GZ6="",IF(GW6=0,"",GW6),"") | HD6: =$B6 -> 10-L1 | HE6: =$C6 -> GTS-120 | HF6: =$D6 -> 575 | HG6: =$E6 -> 5%-7% | HI6: =HH6*VLOOKUP(HE6,$B$157:$C$159,2,FALSE) -> 0 | HL6: =IF(HH6="","",IF(HI6>0.049999,"",((6-ROUND(HI6*100,1))*0.01)*HF6)) | HM6: =IF(HL6="","",HL6*0.264172) | HO6: =IF(HL6="",IF(HI6=0,"",HI6),"") | HP6: =$B6 -> 10-L1 | HQ6: =$C6 -> GTS-120 | HR6: =$D6 -> 575 | HS6: =$E6 -> 5%-7% | HU6: =HT6*VLOOKUP(HQ6,$B$157:$C$159,2,FALSE) -> 0 | HX6: =IF(HT6="","",IF(HU6>0.049999,"",((6-ROUND(HU6*100,1))*0.01)*HR6)) | HY6: =IF(HX6="","",HX6*0.264172) | IA6: =IF(HX6="",IF(HU6=0,"",HU6),"") | IB6: =$B6 -> 10-L1 | IC6: =$C6 -> GTS-120 | ID6: =$D6 -> 575 | IE6: =$E6 -> 5%-7% | IG6: =IF6*VLOOKUP(IC6,$B$157:$C$159,2,FALSE) -> 0 | IJ6: =IF(IF6="","",IF(IG6>0.049999,"",((6-ROUND(IG6*100,1))*0.01)*ID6)) | IK6: =IF(IJ6="","",IJ6*0.264172) | IM6: =IF(IJ6="",IF(IG6=0,"",IG6),"") | IN6: =SUM(GO6,HA6,HM6,HY6,IK6) -> 0 | IO6: =GP6&HB6&HN6&HZ6&IL6 | IP6: =$B6 -> 10-L1 | IQ6: =$C6 -> GTS-120 | IR6: =$D6 -> 575 | IS6: =$E6 -> 5%-7% | IU6: =IT6*VLOOKUP(IQ6,$B$157:$C$159,2,FALSE) -> 0 | IX6: =IF(IT6="","",IF(IU6>0.049999,"",((6-ROUND(IU6*100,1))*0.01)*IR6)) | IY6: =IF(IX6="","",IX6*0.264172) | JA6: =IF(IX6="",IF(IU6=0,"",IU6),"") | JB6: =$B6 -> 10-L1 | JC6: =$C6 -> GTS-120 | JD6: =$D6 -> 575 | JE6: =$E6 -> 5%-7% | JG6: =JF6*VLOOKUP(JC6,$B$157:$C$159,2,FALSE) -> 0 | JJ6: =IF(JF6="","",IF(JG6>0.049999,"",((6-ROUND(JG6*100,1))*0.01)*JD6)) | JK6: =IF(JJ6="","",JJ6*0.264172) | JM6: =IF(JJ6="",IF(JG6=0,"",JG6),"") | JN6: =$B6 -> 10-L1 | JO6: =$C6 -> GTS-120 | JP6: =$D6 -> 575 | JQ6: =$E6 -> 5%-7% | JS6: =JR6*VLOOKUP(JO6,$B$157:$C$159,2,FALSE) -> 0 | JV6: =IF(JR6="","",IF(JS6>0.049999,"",((6-ROUND(JS6*100,1))*0.01)*JP6)) | JW6: =IF(JV6="","",JV6*0.264172) | JY6: =IF(JV6="",IF(JS6=0,"",JS6),"") | JZ6: =$B6 -> 10-L1 | KA6: =$C6 -> GTS-120 | KB6: =$D6 -> 575 | KC6: =$E6 -> 5%-7% | KE6: =KD6*VLOOKUP(KA6,$B$157:$C$159,2,FALSE) -> 0 | KH6: =IF(KD6="","",IF(KE6>0.049999,"",((6-ROUND(KE6*100,1))*0.01)*KB6)) | KI6: =IF(KH6="","",KH6*0.264172) | KK6: =IF(KH6="",IF(KE6=0,"",KE6),"") | KL6: =$B6 -> 10-L1 | KM6: =$C6 -> GTS-120 | KN6: =$D6 -> 575 | KO6: =$E6 -> 5%-7% | KQ6: =KP6*VLOOKUP(KM6,$B$157:$C$159,2,FALSE) -> 0 | KT6: =IF(KP6="","",IF(KQ6>0.049999,"",((6-ROUND(KQ6*100,1))*0.01)*KN6)) | KU6: =IF(KT6="","",KT6*0.264172) | KW6: =IF(KT6="",IF(KQ6=0,"",KQ6),"") | KX6: =SUM(IY6,JK6,JW6,KI6,KU6) -> 0 | KY6: =IZ6&JL6&JX6&KJ6&KV6
A7: MWTH-1 | B7: 20-L1 | C7: =VLOOKUP($B7,'OP Info'!$C$4:$J$62,4,FALSE) -> GTS-120 | D7: =VLOOKUP($B7,'OP Info'!$C$4:$J$62,3,FALSE) -> 630 | E7: =CONCATENATE(VLOOKUP($B7,'OP Info'!$C$4:$J$62,5,FALSE),"%-",VLOOKUP($B7,'OP Info'!$C$4:$J$62,6,FALSE),"%") -> 5%-7% | G7: =F7*VLOOKUP(C7,$B$157:$C$159,2,FALSE) -> 0 | J7: =IF(F7="","",IF(G7>0.049999,"",((6-ROUND(G7*100,1))*0.01)*D7)) | K7: =IF(J7="","",J7*0.264172) | M7: =IF(J7="",IF(G7=0,"",G7),"") | N7: =$B7 -> 20-L1 | O7: =$C7 -> GTS-120 | P7: =$D7 -> 630 | Q7: =$E7 -> 5%-7% | S7: =R7*VLOOKUP(O7,$B$157:$C$159,2,FALSE) -> 0 | V7: =IF(R7="","",IF(S7>0.049999,"",((6-ROUND(S7*100,1))*0.01)*P7)) | W7: =IF(V7="","",V7*0.264172) | Y7: =IF(V7="",IF(S7=0,"",S7),"") | Z7: =$B7 -> 20-L1 | AA7: =$C7 -> GTS-120 | AB7: =$D7 -> 630 | AC7: =$E7 -> 5%-7% | AE7: =AD7*VLOOKUP(AA7,$B$157:$C$159,2,FALSE) -> 0 | AH7: =IF(AD7="","",IF(AE7>0.049999,"",((6-ROUND(AE7*100,1))*0.01)*AB7)) | AI7: =IF(AH7="","",AH7*0.264172) | AK7: =IF(AH7="",IF(AE7=0,"",AE7),"") | AL7: =$B7 -> 20-L1 | AM7: =$C7 -> GTS-120 | AN7: =$D7 -> 630 | AO7: =$E7 -> 5%-7% | AQ7: =AP7*VLOOKUP(AM7,$B$157:$C$159,2,FALSE) -> 0 | AT7: =IF(AP7="","",IF(AQ7>0.049999,"",((6-ROUND(AQ7*100,1))*0.01)*AN7)) | AU7: =IF(AT7="","",AT7*0.264172) | AW7: =IF(AT7="",IF(AQ7=0,"",AQ7),"") | AX7: =$B7 -> 20-L1 | AY7: =$C7 -> GTS-120 | AZ7: =$D7 -> 630 | BA7: =$E7 -> 5%-7% | BC7: =BB7*VLOOKUP(AY7,$B$157:$C$159,2,FALSE) -> 0 | BF7: =IF(BB7="","",IF(BC7>0.049999,"",((6-ROUND(BC7*100,1))*0.01)*AZ7)) | BG7: =IF(BF7="","",BF7*0.264172) | BI7: =IF(BF7="",IF(BC7=0,"",BC7),"") | BJ7: =SUM(K7,W7,AI7,AU7,BG7) -> 0 | BK7: =L7&X7&AJ7&AV7&BH7 | BL7: =$B7 -> 20-L1 | BM7: =$C7 -> GTS-120 | BN7: =$D7 -> 630 | BO7: =$E7 -> 5%-7% | BQ7: =BP7*VLOOKUP(BM7,$B$157:$C$159,2,FALSE) -> 0 | BT7: =IF(BP7="","",IF(BQ7>0.049999,"",((6-ROUND(BQ7*100,1))*0.01)*BN7)) | BU7: =IF(BT7="","",BT7*0.264172) | BW7: =IF(BT7="",IF(BQ7=0,"",BQ7),"") | BX7: =$B7 -> 20-L1 | BY7: =$C7 -> GTS-120 | BZ7: =$D7 -> 630 | CA7: =$E7 -> 5%-7% | CC7: =CB7*VLOOKUP(BY7,$B$157:$C$159,2,FALSE) -> 0 | CF7: =IF(CB7="","",IF(CC7>0.049999,"",((6-ROUND(CC7*100,1))*0.01)*BZ7)) | CG7: =IF(CF7="","",CF7*0.264172) | CI7: =IF(CF7="",IF(CC7=0,"",CC7),"") | CJ7: =$B7 -> 20-L1 | CK7: =$C7 -> GTS-120 | CL7: =$D7 -> 630 | CM7: =$E7 -> 5%-7% | CO7: =CN7*VLOOKUP(CK7,$B$157:$C$159,2,FALSE) -> 0 | CR7: =IF(CN7="","",IF(CO7>0.049999,"",((6-ROUND(CO7*100,1))*0.01)*CL7)) | CS7: =IF(CR7="","",CR7*0.264172) | CU7: =IF(CR7="",IF(CO7=0,"",CO7),"") | CV7: =$B7 -> 20-L1 | CW7: =$C7 -> GTS-120 | CX7: =$D7 -> 630 | CY7: =$E7 -> 5%-7% | DA7: =CZ7*VLOOKUP(CW7,$B$157:$C$159,2,FALSE) -> 0 | DD7: =IF(CZ7="","",IF(DA7>0.049999,"",((6-ROUND(DA7*100,1))*0.01)*CX7)) | DE7: =IF(DD7="","",DD7*0.264172) | DG7: =IF(DD7="",IF(DA7=0,"",DA7),"") | DH7: =$B7 -> 20-L1 | DI7: =$C7 -> GTS-120 | DJ7: =$D7 -> 630 | DK7: =$E7 -> 5%-7% | DM7: =DL7*VLOOKUP(DI7,$B$157:$C$159,2,FALSE) -> 0 | DP7: =IF(DL7="","",IF(DM7>0.049999,"",((6-ROUND(DM7*100,1))*0.01)*DJ7)) | DQ7: =IF(DP7="","",DP7*0.264172) | DS7: =IF(DP7="",IF(DM7=0,"",DM7),"") | DT7: =SUM(BU7,CG7,CS7,DE7,DQ7) -> 0 | DU7: =BV7&CH7&CT7&DF7&DR7 | DV7: =$B7 -> 20-L1 | DW7: =$C7 -> GTS-120 | DX7: =$D7 -> 630 | DY7: =$E7 -> 5%-7% | EA7: =DZ7*VLOOKUP(DW7,$B$157:$C$159,2,FALSE) -> 0 | ED7: =IF(DZ7="","",IF(EA7>0.049999,"",((6-ROUND(EA7*100,1))*0.01)*DX7)) | EE7: =IF(ED7="","",ED7*0.264172) | EG7: =IF(ED7="",IF(EA7=0,"",EA7),"") | EH7: =$B7 -> 20-L1 | EI7: =$C7 -> GTS-120 | EJ7: =$D7 -> 630 | EK7: =$E7 -> 5%-7% | EM7: =EL7*VLOOKUP(EI7,$B$157:$C$159,2,FALSE) -> 0 | EP7: =IF(EL7="","",IF(EM7>0.049999,"",((6-ROUND(EM7*100,1))*0.01)*EJ7)) | EQ7: =IF(EP7="","",EP7*0.264172) | ES7: =IF(EP7="",IF(EM7=0,"",EM7),"") | ET7: =$B7 -> 20-L1 | EU7: =$C7 -> GTS-120 | EV7: =$D7 -> 630 | EW7: =$E7 -> 5%-7% | EY7: =EX7*VLOOKUP(EU7,$B$157:$C$159,2,FALSE) -> 0 | FB7: =IF(EX7="","",IF(EY7>0.049999,"",((6-ROUND(EY7*100,1))*0.01)*EV7)) | FC7: =IF(FB7="","",FB7*0.264172) | FE7: =IF(FB7="",IF(EY7=0,"",EY7),"") | FF7: =$B7 -> 20-L1 | FG7: =$C7 -> GTS-120 | FH7: =$D7 -> 630 | FI7: =$E7 -> 5%-7% | FK7: =FJ7*VLOOKUP(FG7,$B$157:$C$159,2,FALSE) -> 0 | FN7: =IF(FJ7="","",IF(FK7>0.049999,"",((6-ROUND(FK7*100,1))*0.01)*FH7)) | FO7: =IF(FN7="","",FN7*0.264172) | FQ7: =IF(FN7="",IF(FK7=0,"",FK7),"") | FR7: =$B7 -> 20-L1 | FS7: =$C7 -> GTS-120 | FT7: =$D7 -> 630 | FU7: =$E7 -> 5%-7% | FW7: =FV7*VLOOKUP(FS7,$B$157:$C$159,2,FALSE) -> 0 | FZ7: =IF(FV7="","",IF(FW7>0.049999,"",((6-ROUND(FW7*100,1))*0.01)*FT7)) | GA7: =IF(FZ7="","",FZ7*0.264172) | GC7: =IF(FZ7="",IF(FW7=0,"",FW7),"") | GD7: =SUM(EE7,EQ7,FC7,FO7,GA7) -> 0 | GE7: =EF7&ER7&FD7&FP7&GB7 | GF7: =$B7 -> 20-L1 | GG7: =$C7 -> GTS-120 | GH7: =$D7 -> 630 | GI7: =$E7 -> 5%-7% | GK7: =GJ7*VLOOKUP(GG7,$B$157:$C$159,2,FALSE) -> 0 | GN7: =IF(GJ7="","",IF(GK7>0.049999,"",((6-ROUND(GK7*100,1))*0.01)*GH7)) | GO7: =IF(GN7="","",GN7*0.264172) | GQ7: =IF(GN7="",IF(GK7=0,"",GK7),"") | GR7: =$B7 -> 20-L1 | GS7: =$C7 -> GTS-120 | GT7: =$D7 -> 630 | GU7: =$E7 -> 5%-7% | GW7: =GV7*VLOOKUP(GS7,$B$157:$C$159,2,FALSE) -> 0 | GZ7: =IF(GV7="","",IF(GW7>0.049999,"",((6-ROUND(GW7*100,1))*0.01)*GT7)) | HA7: =IF(GZ7="","",GZ7*0.264172) | HC7: =IF(GZ7="",IF(GW7=0,"",GW7),"") | HD7: =$B7 -> 20-L1 | HE7: =$C7 -> GTS-120 | HF7: =$D7 -> 630 | HG7: =$E7 -> 5%-7% | HI7: =HH7*VLOOKUP(HE7,$B$157:$C$159,2,FALSE) -> 0 | HL7: =IF(HH7="","",IF(HI7>0.049999,"",((6-ROUND(HI7*100,1))*0.01)*HF7)) | HM7: =IF(HL7="","",HL7*0.264172) | HO7: =IF(HL7="",IF(HI7=0,"",HI7),"") | HP7: =$B7 -> 20-L1 | HQ7: =$C7 -> GTS-120 | HR7: =$D7 -> 630 | HS7: =$E7 -> 5%-7% | HU7: =HT7*VLOOKUP(HQ7,$B$157:$C$159,2,FALSE) -> 0 | HX7: =IF(HT7="","",IF(HU7>0.049999,"",((6-ROUND(HU7*100,1))*0.01)*HR7)) | HY7: =IF(HX7="","",HX7*0.264172) | IA7: =IF(HX7="",IF(HU7=0,"",HU7),"") | IB7: =$B7 -> 20-L1 | IC7: =$C7 -> GTS-120 | ID7: =$D7 -> 630 | IE7: =$E7 -> 5%-7% | IG7: =IF7*VLOOKUP(IC7,$B$157:$C$159,2,FALSE) -> 0 | IJ7: =IF(IF7="","",IF(IG7>0.049999,"",((6-ROUND(IG7*100,1))*0.01)*ID7)) | IK7: =IF(IJ7="","",IJ7*0.264172) | IM7: =IF(IJ7="",IF(IG7=0,"",IG7),"") | IN7: =SUM(GO7,HA7,HM7,HY7,IK7) -> 0 | IO7: =GP7&HB7&HN7&HZ7&IL7 | IP7: =$B7 -> 20-L1 | IQ7: =$C7 -> GTS-120 | IR7: =$D7 -> 630 | IS7: =$E7 -> 5%-7% | IU7: =IT7*VLOOKUP(IQ7,$B$157:$C$159,2,FALSE) -> 0 | IX7: =IF(IT7="","",IF(IU7>0.049999,"",((6-ROUND(IU7*100,1))*0.01)*IR7)) | IY7: =IF(IX7="","",IX7*0.264172) | JA7: =IF(IX7="",IF(IU7=0,"",IU7),"") | JB7: =$B7 -> 20-L1 | JC7: =$C7 -> GTS-120 | JD7: =$D7 -> 630 | JE7: =$E7 -> 5%-7% | JG7: =JF7*VLOOKUP(JC7,$B$157:$C$159,2,FALSE) -> 0 | JJ7: =IF(JF7="","",IF(JG7>0.049999,"",((6-ROUND(JG7*100,1))*0.01)*JD7)) | JK7: =IF(JJ7="","",JJ7*0.264172) | JM7: =IF(JJ7="",IF(JG7=0,"",JG7),"") | JN7: =$B7 -> 20-L1 | JO7: =$C7 -> GTS-120 | JP7: =$D7 -> 630 | JQ7: =$E7 -> 5%-7% | JS7: =JR7*VLOOKUP(JO7,$B$157:$C$159,2,FALSE) -> 0 | JV7: =IF(JR7="","",IF(JS7>0.049999,"",((6-ROUND(JS7*100,1))*0.01)*JP7)) | JW7: =IF(JV7="","",JV7*0.264172) | JY7: =IF(JV7="",IF(JS7=0,"",JS7),"") | JZ7: =$B7 -> 20-L1 | KA7: =$C7 -> GTS-120 | KB7: =$D7 -> 630 | KC7: =$E7 -> 5%-7% | KE7: =KD7*VLOOKUP(KA7,$B$157:$C$159,2,FALSE) -> 0 | KH7: =IF(KD7="","",IF(KE7>0.049999,"",((6-ROUND(KE7*100,1))*0.01)*KB7)) | KI7: =IF(KH7="","",KH7*0.264172) | KK7: =IF(KH7="",IF(KE7=0,"",KE7),"") | KL7: =$B7 -> 20-L1 | KM7: =$C7 -> GTS-120 | KN7: =$D7 -> 630 | KO7: =$E7 -> 5%-7% | KQ7: =KP7*VLOOKUP(KM7,$B$157:$C$159,2,FALSE) -> 0 | KT7: =IF(KP7="","",IF(KQ7>0.049999,"",((6-ROUND(KQ7*100,1))*0.01)*KN7)) | KU7: =IF(KT7="","",KT7*0.264172) | KW7: =IF(KT7="",IF(KQ7=0,"",KQ7),"") | KX7: =SUM(IY7,JK7,JW7,KI7,KU7) -> 0 | KY7: =IZ7&JL7&JX7&KJ7&KV7
A8: MWTH-1 | B8: 30-L1 | C8: =VLOOKUP($B8,'OP Info'!$C$4:$J$62,4,FALSE) -> GTS-120 | D8: =VLOOKUP($B8,'OP Info'!$C$4:$J$62,3,FALSE) -> 630 | E8: =CONCATENATE(VLOOKUP($B8,'OP Info'!$C$4:$J$62,5,FALSE),"%-",VLOOKUP($B8,'OP Info'!$C$4:$J$62,6,FALSE),"%") -> 5%-7% | G8: =F8*VLOOKUP(C8,$B$157:$C$159,2,FALSE) -> 0 | J8: =IF(F8="","",IF(G8>0.049999,"",((6-ROUND(G8*100,1))*0.01)*D8)) | K8: =IF(J8="","",J8*0.264172) | M8: =IF(J8="",IF(G8=0,"",G8),"") | N8: =$B8 -> 30-L1 | O8: =$C8 -> GTS-120 | P8: =$D8 -> 630 | Q8: =$E8 -> 5%-7% | S8: =R8*VLOOKUP(O8,$B$157:$C$159,2,FALSE) -> 0 | V8: =IF(R8="","",IF(S8>0.049999,"",((6-ROUND(S8*100,1))*0.01)*P8)) | W8: =IF(V8="","",V8*0.264172) | Y8: =IF(V8="",IF(S8=0,"",S8),"") | Z8: =$B8 -> 30-L1 | AA8: =$C8 -> GTS-120 | AB8: =$D8 -> 630 | AC8: =$E8 -> 5%-7% | AE8: =AD8*VLOOKUP(AA8,$B$157:$C$159,2,FALSE) -> 0 | AH8: =IF(AD8="","",IF(AE8>0.049999,"",((6-ROUND(AE8*100,1))*0.01)*AB8)) | AI8: =IF(AH8="","",AH8*0.264172) | AK8: =IF(AH8="",IF(AE8=0,"",AE8),"") | AL8: =$B8 -> 30-L1 | AM8: =$C8 -> GTS-120 | AN8: =$D8 -> 630 | AO8: =$E8 -> 5%-7% | AQ8: =AP8*VLOOKUP(AM8,$B$157:$C$159,2,FALSE) -> 0 | AT8: =IF(AP8="","",IF(AQ8>0.049999,"",((6-ROUND(AQ8*100,1))*0.01)*AN8)) | AU8: =IF(AT8="","",AT8*0.264172) | AW8: =IF(AT8="",IF(AQ8=0,"",AQ8),"") | AX8: =$B8 -> 30-L1 | AY8: =$C8 -> GTS-120 | AZ8: =$D8 -> 630 | BA8: =$E8 -> 5%-7% | BC8: =BB8*VLOOKUP(AY8,$B$157:$C$159,2,FALSE) -> 0 | BF8: =IF(BB8="","",IF(BC8>0.049999,"",((6-ROUND(BC8*100,1))*0.01)*AZ8)) | BG8: =IF(BF8="","",BF8*0.264172) | BI8: =IF(BF8="",IF(BC8=0,"",BC8),"") | BJ8: =SUM(K8,W8,AI8,AU8,BG8) -> 0 | BK8: =L8&X8&AJ8&AV8&BH8 | BL8: =$B8 -> 30-L1 | BM8: =$C8 -> GTS-120 | BN8: =$D8 -> 630 | BO8: =$E8 -> 5%-7% | BQ8: =BP8*VLOOKUP(BM8,$B$157:$C$159,2,FALSE) -> 0 | BT8: =IF(BP8="","",IF(BQ8>0.049999,"",((6-ROUND(BQ8*100,1))*0.01)*BN8)) | BU8: =IF(BT8="","",BT8*0.264172) | BW8: =IF(BT8="",IF(BQ8=0,"",BQ8),"") | BX8: =$B8 -> 30-L1 | BY8: =$C8 -> GTS-120 | BZ8: =$D8 -> 630 | CA8: =$E8 -> 5%-7% | CC8: =CB8*VLOOKUP(BY8,$B$157:$C$159,2,FALSE) -> 0 | CF8: =IF(CB8="","",IF(CC8>0.049999,"",((6-ROUND(CC8*100,1))*0.01)*BZ8)) | CG8: =IF(CF8="","",CF8*0.264172) | CI8: =IF(CF8="",IF(CC8=0,"",CC8),"") | CJ8: =$B8 -> 30-L1 | CK8: =$C8 -> GTS-120 | CL8: =$D8 -> 630 | CM8: =$E8 -> 5%-7% | CO8: =CN8*VLOOKUP(CK8,$B$157:$C$159,2,FALSE) -> 0 | CR8: =IF(CN8="","",IF(CO8>0.049999,"",((6-ROUND(CO8*100,1))*0.01)*CL8)) | CS8: =IF(CR8="","",CR8*0.264172) | CU8: =IF(CR8="",IF(CO8=0,"",CO8),"") | CV8: =$B8 -> 30-L1 | CW8: =$C8 -> GTS-120 | CX8: =$D8 -> 630 | CY8: =$E8 -> 5%-7% | DA8: =CZ8*VLOOKUP(CW8,$B$157:$C$159,2,FALSE) -> 0 | DD8: =IF(CZ8="","",IF(DA8>0.049999,"",((6-ROUND(DA8*100,1))*0.01)*CX8)) | DE8: =IF(DD8="","",DD8*0.264172) | DG8: =IF(DD8="",IF(DA8=0,"",DA8),"") | DH8: =$B8 -> 30-L1 | DI8: =$C8 -> GTS-120 | DJ8: =$D8 -> 630 | DK8: =$E8 -> 5%-7% | DM8: =DL8*VLOOKUP(DI8,$B$157:$C$159,2,FALSE) -> 0 | DP8: =IF(DL8="","",IF(DM8>0.049999,"",((6-ROUND(DM8*100,1))*0.01)*DJ8)) | DQ8: =IF(DP8="","",DP8*0.264172) | DS8: =IF(DP8="",IF(DM8=0,"",DM8),"") | DT8: =SUM(BU8,CG8,CS8,DE8,DQ8) -> 0 | DU8: =BV8&CH8&CT8&DF8&DR8 | DV8: =$B8 -> 30-L1 | DW8: =$C8 -> GTS-120 | DX8: =$D8 -> 630 | DY8: =$E8 -> 5%-7% | EA8: =DZ8*VLOOKUP(DW8,$B$157:$C$159,2,FALSE) -> 0 | ED8: =IF(DZ8="","",IF(EA8>0.049999,"",((6-ROUND(EA8*100,1))*0.01)*DX8)) | EE8: =IF(ED8="","",ED8*0.264172) | EG8: =IF(ED8="",IF(EA8=0,"",EA8),"") | EH8: =$B8 -> 30-L1 | EI8: =$C8 -> GTS-120 | EJ8: =$D8 -> 630 | EK8: =$E8 -> 5%-7% | EM8: =EL8*VLOOKUP(EI8,$B$157:$C$159,2,FALSE) -> 0 | EP8: =IF(EL8="","",IF(EM8>0.049999,"",((6-ROUND(EM8*100,1))*0.01)*EJ8)) | EQ8: =IF(EP8="","",EP8*0.264172) | ES8: =IF(EP8="",IF(EM8=0,"",EM8),"") | ET8: =$B8 -> 30-L1 | EU8: =$C8 -> GTS-120 | EV8: =$D8 -> 630 | EW8: =$E8 -> 5%-7% | EY8: =EX8*VLOOKUP(EU8,$B$157:$C$159,2,FALSE) -> 0 | FB8: =IF(EX8="","",IF(EY8>0.049999,"",((6-ROUND(EY8*100,1))*0.01)*EV8)) | FC8: =IF(FB8="","",FB8*0.264172) | FE8: =IF(FB8="",IF(EY8=0,"",EY8),"") | FF8: =$B8 -> 30-L1 | FG8: =$C8 -> GTS-120 | FH8: =$D8 -> 630 | FI8: =$E8 -> 5%-7% | FK8: =FJ8*VLOOKUP(FG8,$B$157:$C$159,2,FALSE) -> 0 | FN8: =IF(FJ8="","",IF(FK8>0.049999,"",((6-ROUND(FK8*100,1))*0.01)*FH8)) | FO8: =IF(FN8="","",FN8*0.264172) | FQ8: =IF(FN8="",IF(FK8=0,"",FK8),"") | FR8: =$B8 -> 30-L1 | FS8: =$C8 -> GTS-120 | FT8: =$D8 -> 630 | FU8: =$E8 -> 5%-7% | FW8: =FV8*VLOOKUP(FS8,$B$157:$C$159,2,FALSE) -> 0 | FZ8: =IF(FV8="","",IF(FW8>0.049999,"",((6-ROUND(FW8*100,1))*0.01)*FT8)) | GA8: =IF(FZ8="","",FZ8*0.264172) | GC8: =IF(FZ8="",IF(FW8=0,"",FW8),"") | GD8: =SUM(EE8,EQ8,FC8,FO8,GA8) -> 0 | GE8: =EF8&ER8&FD8&FP8&GB8 | GF8: =$B8 -> 30-L1 | GG8: =$C8 -> GTS-120 | GH8: =$D8 -> 630 | GI8: =$E8 -> 5%-7% | GK8: =GJ8*VLOOKUP(GG8,$B$157:$C$159,2,FALSE) -> 0 | GN8: =IF(GJ8="","",IF(GK8>0.049999,"",((6-ROUND(GK8*100,1))*0.01)*GH8)) | GO8: =IF(GN8="","",GN8*0.264172) | GQ8: =IF(GN8="",IF(GK8=0,"",GK8),"") | GR8: =$B8 -> 30-L1 | GS8: =$C8 -> GTS-120 | GT8: =$D8 -> 630 | GU8: =$E8 -> 5%-7% | GW8: =GV8*VLOOKUP(GS8,$B$157:$C$159,2,FALSE) -> 0 | GZ8: =IF(GV8="","",IF(GW8>0.049999,"",((6-ROUND(GW8*100,1))*0.01)*GT8)) | HA8: =IF(GZ8="","",GZ8*0.264172) | HC8: =IF(GZ8="",IF(GW8=0,"",GW8),"") | HD8: =$B8 -> 30-L1 | HE8: =$C8 -> GTS-120 | HF8: =$D8 -> 630 | HG8: =$E8 -> 5%-7% | HI8: =HH8*VLOOKUP(HE8,$B$157:$C$159,2,FALSE) -> 0 | HL8: =IF(HH8="","",IF(HI8>0.049999,"",((6-ROUND(HI8*100,1))*0.01)*HF8)) | HM8: =IF(HL8="","",HL8*0.264172) | HO8: =IF(HL8="",IF(HI8=0,"",HI8),"") | HP8: =$B8 -> 30-L1 | HQ8: =$C8 -> GTS-120 | HR8: =$D8 -> 630 | HS8: =$E8 -> 5%-7% | HU8: =HT8*VLOOKUP(HQ8,$B$157:$C$159,2,FALSE) -> 0 | HX8: =IF(HT8="","",IF(HU8>0.049999,"",((6-ROUND(HU8*100,1))*0.01)*HR8)) | HY8: =IF(HX8="","",HX8*0.264172) | IA8: =IF(HX8="",IF(HU8=0,"",HU8),"") | IB8: =$B8 -> 30-L1 | IC8: =$C8 -> GTS-120 | ID8: =$D8 -> 630 | IE8: =$E8 -> 5%-7% | IG8: =IF8*VLOOKUP(IC8,$B$157:$C$159,2,FALSE) -> 0 | IJ8: =IF(IF8="","",IF(IG8>0.049999,"",((6-ROUND(IG8*100,1))*0.01)*ID8)) | IK8: =IF(IJ8="","",IJ8*0.264172) | IM8: =IF(IJ8="",IF(IG8=0,"",IG8),"") | IN8: =SUM(GO8,HA8,HM8,HY8,IK8) -> 0 | IO8: =GP8&HB8&HN8&HZ8&IL8 | IP8: =$B8 -> 30-L1 | IQ8: =$C8 -> GTS-120 | IR8: =$D8 -> 630 | IS8: =$E8 -> 5%-7% | IU8: =IT8*VLOOKUP(IQ8,$B$157:$C$159,2,FALSE) -> 0 | IX8: =IF(IT8="","",IF(IU8>0.049999,"",((6-ROUND(IU8*100,1))*0.01)*IR8)) | IY8: =IF(IX8="","",IX8*0.264172) | JA8: =IF(IX8="",IF(IU8=0,"",IU8),"") | JB8: =$B8 -> 30-L1 | JC8: =$C8 -> GTS-120 | JD8: =$D8 -> 630 | JE8: =$E8 -> 5%-7% | JG8: =JF8*VLOOKUP(JC8,$B$157:$C$159,2,FALSE) -> 0 | JJ8: =IF(JF8="","",IF(JG8>0.049999,"",((6-ROUND(JG8*100,1))*0.01)*JD8)) | JK8: =IF(JJ8="","",JJ8*0.264172) | JM8: =IF(JJ8="",IF(JG8=0,"",JG8),"") | JN8: =$B8 -> 30-L1 | JO8: =$C8 -> GTS-120 | JP8: =$D8 -> 630 | JQ8: =$E8 -> 5%-7% | JS8: =JR8*VLOOKUP(JO8,$B$157:$C$159,2,FALSE) -> 0 | JV8: =IF(JR8="","",IF(JS8>0.049999,"",((6-ROUND(JS8*100,1))*0.01)*JP8)) | JW8: =IF(JV8="","",JV8*0.264172) | JY8: =IF(JV8="",IF(JS8=0,"",JS8),"") | JZ8: =$B8 -> 30-L1 | KA8: =$C8 -> GTS-120 | KB8: =$D8 -> 630 | KC8: =$E8 -> 5%-7% | KE8: =KD8*VLOOKUP(KA8,$B$157:$C$159,2,FALSE) -> 0 | KH8: =IF(KD8="","",IF(KE8>0.049999,"",((6-ROUND(KE8*100,1))*0.01)*KB8)) | KI8: =IF(KH8="","",KH8*0.264172) | KK8: =IF(KH8="",IF(KE8=0,"",KE8),"") | KL8: =$B8 -> 30-L1 | KM8: =$C8 -> GTS-120 | KN8: =$D8 -> 630 | KO8: =$E8 -> 5%-7% | KQ8: =KP8*VLOOKUP(KM8,$B$157:$C$159,2,FALSE) -> 0 | KT8: =IF(KP8="","",IF(KQ8>0.049999,"",((6-ROUND(KQ8*100,1))*0.01)*KN8)) | KU8: =IF(KT8="","",KT8*0.264172) | KW8: =IF(KT8="",IF(KQ8=0,"",KQ8),"") | KX8: =SUM(IY8,JK8,JW8,KI8,KU8) -> 0 | KY8: =IZ8&JL8&JX8&KJ8&KV8
A9: MWTH-1 | B9: 50 A/B-L1 | C9: =VLOOKUP($B9,'OP Info'!$C$4:$J$62,4,FALSE) -> AQ-YB | D9: =VLOOKUP($B9,'OP Info'!$C$4:$J$62,3,FALSE) -> 3300 | E9: =CONCATENATE(VLOOKUP($B9,'OP Info'!$C$4:$J$62,5,FALSE),"%-",VLOOKUP($B9,'OP Info'!$C$4:$J$62,6,FALSE),"%") -> 5%-7% | G9: =F9*VLOOKUP(C9,$B$157:$C$159,2,FALSE) -> 0 | J9: =IF(F9="","",IF(G9>0.049999,"",((6-ROUND(G9*100,1))*0.01)*D9)) | K9: =IF(J9="","",J9*0.264172) | M9: =IF(J9="",IF(G9=0,"",G9),"") | N9: =$B9 -> 50 A/B-L1 | O9: =$C9 -> AQ-YB | P9: =$D9 -> 3300 | Q9: =$E9 -> 5%-7% | S9: =R9*VLOOKUP(O9,$B$157:$C$159,2,FALSE) -> 0 | V9: =IF(R9="","",IF(S9>0.049999,"",((6-ROUND(S9*100,1))*0.01)*P9)) | W9: =IF(V9="","",V9*0.264172) | Y9: =IF(V9="",IF(S9=0,"",S9),"") | Z9: =$B9 -> 50 A/B-L1 | AA9: =$C9 -> AQ-YB | AB9: =$D9 -> 3300 | AC9: =$E9 -> 5%-7% | AE9: =AD9*VLOOKUP(AA9,$B$157:$C$159,2,FALSE) -> 0 | AH9: =IF(AD9="","",IF(AE9>0.049999,"",((6-ROUND(AE9*100,1))*0.01)*AB9)) | AI9: =IF(AH9="","",AH9*0.264172) | AK9: =IF(AH9="",IF(AE9=0,"",AE9),"") | AL9: =$B9 -> 50 A/B-L1 | AM9: =$C9 -> AQ-YB | AN9: =$D9 -> 3300 | AO9: =$E9 -> 5%-7% | AQ9: =AP9*VLOOKUP(AM9,$B$157:$C$159,2,FALSE) -> 0 | AT9: =IF(AP9="","",IF(AQ9>0.049999,"",((6-ROUND(AQ9*100,1))*0.01)*AN9)) | AU9: =IF(AT9="","",AT9*0.264172) | AW9: =IF(AT9="",IF(AQ9=0,"",AQ9),"") | AX9: =$B9 -> 50 A/B-L1 | AY9: =$C9 -> AQ-YB | AZ9: =$D9 -> 3300 | BA9: =$E9 -> 5%-7% | BC9: =BB9*VLOOKUP(AY9,$B$157:$C$159,2,FALSE) -> 0 | BF9: =IF(BB9="","",IF(BC9>0.049999,"",((6-ROUND(BC9*100,1))*0.01)*AZ9)) | BG9: =IF(BF9="","",BF9*0.264172) | BI9: =IF(BF9="",IF(BC9=0,"",BC9),"") | BJ9: =SUM(K9,W9,AI9,AU9,BG9) -> 0 | BK9: =L9&X9&AJ9&AV9&BH9 | BL9: =$B9 -> 50 A/B-L1 | BM9: =$C9 -> AQ-YB | BN9: =$D9 -> 3300 | BO9: =$E9 -> 5%-7% | BQ9: =BP9*VLOOKUP(BM9,$B$157:$C$159,2,FALSE) -> 0 | BT9: =IF(BP9="","",IF(BQ9>0.049999,"",((6-ROUND(BQ9*100,1))*0.01)*BN9)) | BU9: =IF(BT9="","",BT9*0.264172) | BW9: =IF(BT9="",IF(BQ9=0,"",BQ9),"") | BX9: =$B9 -> 50 A/B-L1 | BY9: =$C9 -> AQ-YB | BZ9: =$D9 -> 3300 | CA9: =$E9 -> 5%-7% | CC9: =CB9*VLOOKUP(BY9,$B$157:$C$159,2,FALSE) -> 0 | CF9: =IF(CB9="","",IF(CC9>0.049999,"",((6-ROUND(CC9*100,1))*0.01)*BZ9)) | CG9: =IF(CF9="","",CF9*0.264172) | CI9: =IF(CF9="",IF(CC9=0,"",CC9),"") | CJ9: =$B9 -> 50 A/B-L1 | CK9: =$C9 -> AQ-YB | CL9: =$D9 -> 3300 | CM9: =$E9 -> 5%-7% | CO9: =CN9*VLOOKUP(CK9,$B$157:$C$159,2,FALSE) -> 0 | CR9: =IF(CN9="","",IF(CO9>0.049999,"",((6-ROUND(CO9*100,1))*0.01)*CL9)) | CS9: =IF(CR9="","",CR9*0.264172) | CU9: =IF(CR9="",IF(CO9=0,"",CO9),"") | CV9: =$B9 -> 50 A/B-L1 | CW9: =$C9 -> AQ-YB | CX9: =$D9 -> 3300 | CY9: =$E9 -> 5%-7% | DA9: =CZ9*VLOOKUP(CW9,$B$157:$C$159,2,FALSE) -> 0 | DD9: =IF(CZ9="","",IF(DA9>0.049999,"",((6-ROUND(DA9*100,1))*0.01)*CX9)) | DE9: =IF(DD9="","",DD9*0.264172) | DG9: =IF(DD9="",IF(DA9=0,"",DA9),"") | DH9: =$B9 -> 50 A/B-L1 | DI9: =$C9 -> AQ-YB | DJ9: =$D9 -> 3300 | DK9: =$E9 -> 5%-7% | DM9: =DL9*VLOOKUP(DI9,$B$157:$C$159,2,FALSE) -> 0 | DP9: =IF(DL9="","",IF(DM9>0.049999,"",((6-ROUND(DM9*100,1))*0.01)*DJ9)) | DQ9: =IF(DP9="","",DP9*0.264172) | DS9: =IF(DP9="",IF(DM9=0,"",DM9),"") | DT9: =SUM(BU9,CG9,CS9,DE9,DQ9) -> 0 | DU9: =BV9&CH9&CT9&DF9&DR9 | DV9: =$B9 -> 50 A/B-L1 | DW9: =$C9 -> AQ-YB | DX9: =$D9 -> 3300 | DY9: =$E9 -> 5%-7% | EA9: =DZ9*VLOOKUP(DW9,$B$157:$C$159,2,FALSE) -> 0 | ED9: =IF(DZ9="","",IF(EA9>0.049999,"",((6-ROUND(EA9*100,1))*0.01)*DX9)) | EE9: =IF(ED9="","",ED9*0.264172) | EG9: =IF(ED9="",IF(EA9=0,"",EA9),"") | EH9: =$B9 -> 50 A/B-L1 | EI9: =$C9 -> AQ-YB | EJ9: =$D9 -> 3300 | EK9: =$E9 -> 5%-7% | EM9: =EL9*VLOOKUP(EI9,$B$157:$C$159,2,FALSE) -> 0 | EP9: =IF(EL9="","",IF(EM9>0.049999,"",((6-ROUND(EM9*100,1))*0.01)*EJ9)) | EQ9: =IF(EP9="","",EP9*0.264172) | ES9: =IF(EP9="",IF(EM9=0,"",EM9),"") | ET9: =$B9 -> 50 A/B-L1 | EU9: =$C9 -> AQ-YB | EV9: =$D9 -> 3300 | EW9: =$E9 -> 5%-7% | EY9: =EX9*VLOOKUP(EU9,$B$157:$C$159,2,FALSE) -> 0 | FB9: =IF(EX9="","",IF(EY9>0.049999,"",((6-ROUND(EY9*100,1))*0.01)*EV9)) | FC9: =IF(FB9="","",FB9*0.264172) | FE9: =IF(FB9="",IF(EY9=0,"",EY9),"") | FF9: =$B9 -> 50 A/B-L1 | FG9: =$C9 -> AQ-YB | FH9: =$D9 -> 3300 | FI9: =$E9 -> 5%-7% | FK9: =FJ9*VLOOKUP(FG9,$B$157:$C$159,2,FALSE) -> 0 | FN9: =IF(FJ9="","",IF(FK9>0.049999,"",((6-ROUND(FK9*100,1))*0.01)*FH9)) | FO9: =IF(FN9="","",FN9*0.264172) | FQ9: =IF(FN9="",IF(FK9=0,"",FK9),"") | FR9: =$B9 -> 50 A/B-L1 | FS9: =$C9 -> AQ-YB | FT9: =$D9 -> 3300 | FU9: =$E9 -> 5%-7% | FW9: =FV9*VLOOKUP(FS9,$B$157:$C$159,2,FALSE) -> 0 | FZ9: =IF(FV9="","",IF(FW9>0.049999,"",((6-ROUND(FW9*100,1))*0.01)*FT9)) | GA9: =IF(FZ9="","",FZ9*0.264172) | GC9: =IF(FZ9="",IF(FW9=0,"",FW9),"") | GD9: =SUM(EE9,EQ9,FC9,FO9,GA9) -> 0 | GE9: =EF9&ER9&FD9&FP9&GB9 | GF9: =$B9 -> 50 A/B-L1 | GG9: =$C9 -> AQ-YB | GH9: =$D9 -> 3300 | GI9: =$E9 -> 5%-7% | GK9: =GJ9*VLOOKUP(GG9,$B$157:$C$159,2,FALSE) -> 0 | GN9: =IF(GJ9="","",IF(GK9>0.049999,"",((6-ROUND(GK9*100,1))*0.01)*GH9)) | GO9: =IF(GN9="","",GN9*0.264172) | GQ9: =IF(GN9="",IF(GK9=0,"",GK9),"") | GR9: =$B9 -> 50 A/B-L1 | GS9: =$C9 -> AQ-YB | GT9: =$D9 -> 3300 | GU9: =$E9 -> 5%-7% | GW9: =GV9*VLOOKUP(GS9,$B$157:$C$159,2,FALSE) -> 0 | GZ9: =IF(GV9="","",IF(GW9>0.049999,"",((6-ROUND(GW9*100,1))*0.01)*GT9)) | HA9: =IF(GZ9="","",GZ9*0.264172) | HC9: =IF(GZ9="",IF(GW9=0,"",GW9),"") | HD9: =$B9 -> 50 A/B-L1 | HE9: =$C9 -> AQ-YB | HF9: =$D9 -> 3300 | HG9: =$E9 -> 5%-7% | HI9: =HH9*VLOOKUP(HE9,$B$157:$C$159,2,FALSE) -> 0 | HL9: =IF(HH9="","",IF(HI9>0.049999,"",((6-ROUND(HI9*100,1))*0.01)*HF9)) | HM9: =IF(HL9="","",HL9*0.264172) | HO9: =IF(HL9="",IF(HI9=0,"",HI9),"") | HP9: =$B9 -> 50 A/B-L1 | HQ9: =$C9 -> AQ-YB | HR9: =$D9 -> 3300 | HS9: =$E9 -> 5%-7% | HU9: =HT9*VLOOKUP(HQ9,$B$157:$C$159,2,FALSE) -> 0 | HX9: =IF(HT9="","",IF(HU9>0.049999,"",((6-ROUND(HU9*100,1))*0.01)*HR9)) | HY9: =IF(HX9="","",HX9*0.264172) | IA9: =IF(HX9="",IF(HU9=0,"",HU9),"") | IB9: =$B9 -> 50 A/B-L1 | IC9: =$C9 -> AQ-YB | ID9: =$D9 -> 3300 | IE9: =$E9 -> 5%-7% | IG9: =IF9*VLOOKUP(IC9,$B$157:$C$159,2,FALSE) -> 0 | IJ9: =IF(IF9="","",IF(IG9>0.049999,"",((6-ROUND(IG9*100,1))*0.01)*ID9)) | IK9: =IF(IJ9="","",IJ9*0.264172) | IM9: =IF(IJ9="",IF(IG9=0,"",IG9),"") | IN9: =SUM(GO9,HA9,HM9,HY9,IK9) -> 0 | IO9: =GP9&HB9&HN9&HZ9&IL9 | IP9: =$B9 -> 50 A/B-L1 | IQ9: =$C9 -> AQ-YB | IR9: =$D9 -> 3300 | IS9: =$E9 -> 5%-7% | IU9: =IT9*VLOOKUP(IQ9,$B$157:$C$159,2,FALSE) -> 0 | IX9: =IF(IT9="","",IF(IU9>0.049999,"",((6-ROUND(IU9*100,1))*0.01)*IR9)) | IY9: =IF(IX9="","",IX9*0.264172) | JA9: =IF(IX9="",IF(IU9=0,"",IU9),"") | JB9: =$B9 -> 50 A/B-L1 | JC9: =$C9 -> AQ-YB | JD9: =$D9 -> 3300 | JE9: =$E9 -> 5%-7% | JG9: =JF9*VLOOKUP(JC9,$B$157:$C$159,2,FALSE) -> 0 | JJ9: =IF(JF9="","",IF(JG9>0.049999,"",((6-ROUND(JG9*100,1))*0.01)*JD9)) | JK9: =IF(JJ9="","",JJ9*0.264172) | JM9: =IF(JJ9="",IF(JG9=0,"",JG9),"") | JN9: =$B9 -> 50 A/B-L1 | JO9: =$C9 -> AQ-YB | JP9: =$D9 -> 3300 | JQ9: =$E9 -> 5%-7% | JS9: =JR9*VLOOKUP(JO9,$B$157:$C$159,2,FALSE) -> 0 | JV9: =IF(JR9="","",IF(JS9>0.049999,"",((6-ROUND(JS9*100,1))*0.01)*JP9)) | JW9: =IF(JV9="","",JV9*0.264172) | JY9: =IF(JV9="",IF(JS9=0,"",JS9),"") | JZ9: =$B9 -> 50 A/B-L1 | KA9: =$C9 -> AQ-YB | KB9: =$D9 -> 3300 | KC9: =$E9 -> 5%-7% | KE9: =KD9*VLOOKUP(KA9,$B$157:$C$159,2,FALSE) -> 0 | KH9: =IF(KD9="","",IF(KE9>0.049999,"",((6-ROUND(KE9*100,1))*0.01)*KB9)) | KI9: =IF(KH9="","",KH9*0.264172) | KK9: =IF(KH9="",IF(KE9=0,"",KE9),"") | KL9: =$B9 -> 50 A/B-L1 | KM9: =$C9 -> AQ-YB | KN9: =$D9 -> 3300 | KO9: =$E9 -> 5%-7% | KQ9: =KP9*VLOOKUP(KM9,$B$157:$C$159,2,FALSE) -> 0 | KT9: =IF(KP9="","",IF(KQ9>0.049999,"",((6-ROUND(KQ9*100,1))*0.01)*KN9)) | KU9: =IF(KT9="","",KT9*0.264172) | KW9: =IF(KT9="",IF(KQ9=0,"",KQ9),"") | KX9: =SUM(IY9,JK9,JW9,KI9,KU9) -> 0 | KY9: =IZ9&JL9&JX9&KJ9&KV9
A10: MWTH-1 | B10: 70-L1 | C10: =VLOOKUP($B10,'OP Info'!$C$4:$J$62,4,FALSE) -> GTS-120 | D10: =VLOOKUP($B10,'OP Info'!$C$4:$J$62,3,FALSE) -> 630 | E10: =CONCATENATE(VLOOKUP($B10,'OP Info'!$C$4:$J$62,5,FALSE),"%-",VLOOKUP($B10,'OP Info'!$C$4:$J$62,6,FALSE),"%") -> 5%-7% | G10: =F10*VLOOKUP(C10,$B$157:$C$159,2,FALSE) -> 0 | J10: =IF(F10="","",IF(G10>0.049999,"",((6-ROUND(G10*100,1))*0.01)*D10)) | K10: =IF(J10="","",J10*0.264172) | M10: =IF(J10="",IF(G10=0,"",G10),"") | N10: =$B10 -> 70-L1 | O10: =$C10 -> GTS-120 | P10: =$D10 -> 630 | Q10: =$E10 -> 5%-7% | S10: =R10*VLOOKUP(O10,$B$157:$C$159,2,FALSE) -> 0 | V10: =IF(R10="","",IF(S10>0.049999,"",((6-ROUND(S10*100,1))*0.01)*P10)) | W10: =IF(V10="","",V10*0.264172) | Y10: =IF(V10="",IF(S10=0,"",S10),"") | Z10: =$B10 -> 70-L1 | AA10: =$C10 -> GTS-120 | AB10: =$D10 -> 630 | AC10: =$E10 -> 5%-7% | AE10: =AD10*VLOOKUP(AA10,$B$157:$C$159,2,FALSE) -> 0 | AH10: =IF(AD10="","",IF(AE10>0.049999,"",((6-ROUND(AE10*100,1))*0.01)*AB10)) | AI10: =IF(AH10="","",AH10*0.264172) | AK10: =IF(AH10="",IF(AE10=0,"",AE10),"") | AL10: =$B10 -> 70-L1 | AM10: =$C10 -> GTS-120 | AN10: =$D10 -> 630 | AO10: =$E10 -> 5%-7% | AQ10: =AP10*VLOOKUP(AM10,$B$157:$C$159,2,FALSE) -> 0 | AT10: =IF(AP10="","",IF(AQ10>0.049999,"",((6-ROUND(AQ10*100,1))*0.01)*AN10)) | AU10: =IF(AT10="","",AT10*0.264172) | AW10: =IF(AT10="",IF(AQ10=0,"",AQ10),"") | AX10: =$B10 -> 70-L1 | AY10: =$C10 -> GTS-120 | AZ10: =$D10 -> 630 | BA10: =$E10 -> 5%-7% | BC10: =BB10*VLOOKUP(AY10,$B$157:$C$159,2,FALSE) -> 0 | BF10: =IF(BB10="","",IF(BC10>0.049999,"",((6-ROUND(BC10*100,1))*0.01)*AZ10)) | BG10: =IF(BF10="","",BF10*0.264172) | BI10: =IF(BF10="",IF(BC10=0,"",BC10),"") | BJ10: =SUM(K10,W10,AI10,AU10,BG10) -> 0 | BK10: =L10&X10&AJ10&AV10&BH10 | BL10: =$B10 -> 70-L1 | BM10: =$C10 -> GTS-120 | BN10: =$D10 -> 630 | BO10: =$E10 -> 5%-7% | BQ10: =BP10*VLOOKUP(BM10,$B$157:$C$159,2,FALSE) -> 0 | BT10: =IF(BP10="","",IF(BQ10>0.049999,"",((6-ROUND(BQ10*100,1))*0.01)*BN10)) | BU10: =IF(BT10="","",BT10*0.264172) | BW10: =IF(BT10="",IF(BQ10=0,"",BQ10),"") | BX10: =$B10 -> 70-L1 | BY10: =$C10 -> GTS-120 | BZ10: =$D10 -> 630 | CA10: =$E10 -> 5%-7% | CC10: =CB10*VLOOKUP(BY10,$B$157:$C$159,2,FALSE) -> 0 | CF10: =IF(CB10="","",IF(CC10>0.049999,"",((6-ROUND(CC10*100,1))*0.01)*BZ10)) | CG10: =IF(CF10="","",CF10*0.264172) | CI10: =IF(CF10="",IF(CC10=0,"",CC10),"") | CJ10: =$B10 -> 70-L1 | CK10: =$C10 -> GTS-120 | CL10: =$D10 -> 630 | CM10: =$E10 -> 5%-7% | CO10: =CN10*VLOOKUP(CK10,$B$157:$C$159,2,FALSE) -> 0 | CR10: =IF(CN10="","",IF(CO10>0.049999,"",((6-ROUND(CO10*100,1))*0.01)*CL10)) | CS10: =IF(CR10="","",CR10*0.264172) | CU10: =IF(CR10="",IF(CO10=0,"",CO10),"") | CV10: =$B10 -> 70-L1 | CW10: =$C10 -> GTS-120 | CX10: =$D10 -> 630 | CY10: =$E10 -> 5%-7% | DA10: =CZ10*VLOOKUP(CW10,$B$157:$C$159,2,FALSE) -> 0 | DD10: =IF(CZ10="","",IF(DA10>0.049999,"",((6-ROUND(DA10*100,1))*0.01)*CX10)) | DE10: =IF(DD10="","",DD10*0.264172) | DG10: =IF(DD10="",IF(DA10=0,"",DA10),"") | DH10: =$B10 -> 70-L1 | DI10: =$C10 -> GTS-120 | DJ10: =$D10 -> 630 | DK10: =$E10 -> 5%-7% | DM10: =DL10*VLOOKUP(DI10,$B$157:$C$159,2,FALSE) -> 0 | DP10: =IF(DL10="","",IF(DM10>0.049999,"",((6-ROUND(DM10*100,1))*0.01)*DJ10)) | DQ10: =IF(DP10="","",DP10*0.264172) | DS10: =IF(DP10="",IF(DM10=0,"",DM10),"") | DT10: =SUM(BU10,CG10,CS10,DE10,DQ10) -> 0 | DU10: =BV10&CH10&CT10&DF10&DR10 | DV10: =$B10 -> 70-L1 | DW10: =$C10 -> GTS-120 | DX10: =$D10 -> 630 | DY10: =$E10 -> 5%-7% | EA10: =DZ10*VLOOKUP(DW10,$B$157:$C$159,2,FALSE) -> 0 | ED10: =IF(DZ10="","",IF(EA10>0.049999,"",((6-ROUND(EA10*100,1))*0.01)*DX10)) | EE10: =IF(ED10="","",ED10*0.264172) | EG10: =IF(ED10="",IF(EA10=0,"",EA10),"") | EH10: =$B10 -> 70-L1 | EI10: =$C10 -> GTS-120 | EJ10: =$D10 -> 630 | EK10: =$E10 -> 5%-7% | EM10: =EL10*VLOOKUP(EI10,$B$157:$C$159,2,FALSE) -> 0 | EP10: =IF(EL10="","",IF(EM10>0.049999,"",((6-ROUND(EM10*100,1))*0.01)*EJ10)) | EQ10: =IF(EP10="","",EP10*0.264172) | ES10: =IF(EP10="",IF(EM10=0,"",EM10),"") | ET10: =$B10 -> 70-L1 | EU10: =$C10 -> GTS-120 | EV10: =$D10 -> 630 | EW10: =$E10 -> 5%-7% | EY10: =EX10*VLOOKUP(EU10,$B$157:$C$159,2,FALSE) -> 0 | FB10: =IF(EX10="","",IF(EY10>0.049999,"",((6-ROUND(EY10*100,1))*0.01)*EV10)) | FC10: =IF(FB10="","",FB10*0.264172) | FE10: =IF(FB10="",IF(EY10=0,"",EY10),"") | FF10: =$B10 -> 70-L1 | FG10: =$C10 -> GTS-120 | FH10: =$D10 -> 630 | FI10: =$E10 -> 5%-7% | FK10: =FJ10*VLOOKUP(FG10,$B$157:$C$159,2,FALSE) -> 0 | FN10: =IF(FJ10="","",IF(FK10>0.049999,"",((6-ROUND(FK10*100,1))*0.01)*FH10)) | FO10: =IF(FN10="","",FN10*0.264172) | FQ10: =IF(FN10="",IF(FK10=0,"",FK10),"") | FR10: =$B10 -> 70-L1 | FS10: =$C10 -> GTS-120 | FT10: =$D10 -> 630 | FU10: =$E10 -> 5%-7% | FW10: =FV10*VLOOKUP(FS10,$B$157:$C$159,2,FALSE) -> 0 | FZ10: =IF(FV10="","",IF(FW10>0.049999,"",((6-ROUND(FW10*100,1))*0.01)*FT10)) | GA10: =IF(FZ10="","",FZ10*0.264172) | GC10: =IF(FZ10="",IF(FW10=0,"",FW10),"") | GD10: =SUM(EE10,EQ10,FC10,FO10,GA10) -> 0 | GE10: =EF10&ER10&FD10&FP10&GB10 | GF10: =$B10 -> 70-L1 | GG10: =$C10 -> GTS-120 | GH10: =$D10 -> 630 | GI10: =$E10 -> 5%-7% | GK10: =GJ10*VLOOKUP(GG10,$B$157:$C$159,2,FALSE) -> 0 | GN10: =IF(GJ10="","",IF(GK10>0.049999,"",((6-ROUND(GK10*100,1))*0.01)*GH10)) | GO10: =IF(GN10="","",GN10*0.264172) | GQ10: =IF(GN10="",IF(GK10=0,"",GK10),"") | GR10: =$B10 -> 70-L1 | GS10: =$C10 -> GTS-120 | GT10: =$D10 -> 630 | GU10: =$E10 -> 5%-7% | GW10: =GV10*VLOOKUP(GS10,$B$157:$C$159,2,FALSE) -> 0 | GZ10: =IF(GV10="","",IF(GW10>0.049999,"",((6-ROUND(GW10*100,1))*0.01)*GT10)) | HA10: =IF(GZ10="","",GZ10*0.264172) | HC10: =IF(GZ10="",IF(GW10=0,"",GW10),"") | HD10: =$B10 -> 70-L1 | HE10: =$C10 -> GTS-120 | HF10: =$D10 -> 630 | HG10: =$E10 -> 5%-7% | HI10: =HH10*VLOOKUP(HE10,$B$157:$C$159,2,FALSE) -> 0 | HL10: =IF(HH10="","",IF(HI10>0.049999,"",((6-ROUND(HI10*100,1))*0.01)*HF10)) | HM10: =IF(HL10="","",HL10*0.264172) | HO10: =IF(HL10="",IF(HI10=0,"",HI10),"") | HP10: =$B10 -> 70-L1 | HQ10: =$C10 -> GTS-120 | HR10: =$D10 -> 630 | HS10: =$E10 -> 5%-7% | HU10: =HT10*VLOOKUP(HQ10,$B$157:$C$159,2,FALSE) -> 0 | HX10: =IF(HT10="","",IF(HU10>0.049999,"",((6-ROUND(HU10*100,1))*0.01)*HR10)) | HY10: =IF(HX10="","",HX10*0.264172) | IA10: =IF(HX10="",IF(HU10=0,"",HU10),"") | IB10: =$B10 -> 70-L1 | IC10: =$C10 -> GTS-120 | ID10: =$D10 -> 630 | IE10: =$E10 -> 5%-7% | IG10: =IF10*VLOOKUP(IC10,$B$157:$C$159,2,FALSE) -> 0 | IJ10: =IF(IF10="","",IF(IG10>0.049999,"",((6-ROUND(IG10*100,1))*0.01)*ID10)) | IK10: =IF(IJ10="","",IJ10*0.264172) | IM10: =IF(IJ10="",IF(IG10=0,"",IG10),"") | IN10: =SUM(GO10,HA10,HM10,HY10,IK10) -> 0 | IO10: =GP10&HB10&HN10&HZ10&IL10 | IP10: =$B10 -> 70-L1 | IQ10: =$C10 -> GTS-120 | IR10: =$D10 -> 630 | IS10: =$E10 -> 5%-7% | IU10: =IT10*VLOOKUP(IQ10,$B$157:$C$159,2,FALSE) -> 0 | IX10: =IF(IT10="","",IF(IU10>0.049999,"",((6-ROUND(IU10*100,1))*0.01)*IR10)) | IY10: =IF(IX10="","",IX10*0.264172) | JA10: =IF(IX10="",IF(IU10=0,"",IU10),"") | JB10: =$B10 -> 70-L1 | JC10: =$C10 -> GTS-120 | JD10: =$D10 -> 630 | JE10: =$E10 -> 5%-7% | JG10: =JF10*VLOOKUP(JC10,$B$157:$C$159,2,FALSE) -> 0 | JJ10: =IF(JF10="","",IF(JG10>0.049999,"",((6-ROUND(JG10*100,1))*0.01)*JD10)) | JK10: =IF(JJ10="","",JJ10*0.264172) | JM10: =IF(JJ10="",IF(JG10=0,"",JG10),"") | JN10: =$B10 -> 70-L1 | JO10: =$C10 -> GTS-120 | JP10: =$D10 -> 630 | JQ10: =$E10 -> 5%-7% | JS10: =JR10*VLOOKUP(JO10,$B$157:$C$159,2,FALSE) -> 0 | JV10: =IF(JR10="","",IF(JS10>0.049999,"",((6-ROUND(JS10*100,1))*0.01)*JP10)) | JW10: =IF(JV10="","",JV10*0.264172) | JY10: =IF(JV10="",IF(JS10=0,"",JS10),"") | JZ10: =$B10 -> 70-L1 | KA10: =$C10 -> GTS-120 | KB10: =$D10 -> 630 | KC10: =$E10 -> 5%-7% | KE10: =KD10*VLOOKUP(KA10,$B$157:$C$159,2,FALSE) -> 0 | KH10: =IF(KD10="","",IF(KE10>0.049999,"",((6-ROUND(KE10*100,1))*0.01)*KB10)) | KI10: =IF(KH10="","",KH10*0.264172) | KK10: =IF(KH10="",IF(KE10=0,"",KE10),"") | KL10: =$B10 -> 70-L1 | KM10: =$C10 -> GTS-120 | KN10: =$D10 -> 630 | KO10: =$E10 -> 5%-7% | KQ10: =KP10*VLOOKUP(KM10,$B$157:$C$159,2,FALSE) -> 0 | KT10: =IF(KP10="","",IF(KQ10>0.049999,"",((6-ROUND(KQ10*100,1))*0.01)*KN10)) | KU10: =IF(KT10="","",KT10*0.264172) | KW10: =IF(KT10="",IF(KQ10=0,"",KQ10),"") | KX10: =SUM(IY10,JK10,JW10,KI10,KU10) -> 0 | KY10: =IZ10&JL10&JX10&KJ10&KV10
A11: MWTH-1 | B11: 80-L1 | C11: =VLOOKUP($B11,'OP Info'!$C$4:$J$62,4,FALSE) -> GTS-120 | D11: =VLOOKUP($B11,'OP Info'!$C$4:$J$62,3,FALSE) -> 630 | E11: =CONCATENATE(VLOOKUP($B11,'OP Info'!$C$4:$J$62,5,FALSE),"%-",VLOOKUP($B11,'OP Info'!$C$4:$J$62,6,FALSE),"%") -> 5%-7% | G11: =F11*VLOOKUP(C11,$B$157:$C$159,2,FALSE) -> 0 | J11: =IF(F11="","",IF(G11>0.049999,"",((6-ROUND(G11*100,1))*0.01)*D11)) | K11: =IF(J11="","",J11*0.264172) | M11: =IF(J11="",IF(G11=0,"",G11),"") | N11: =$B11 -> 80-L1 | O11: =$C11 -> GTS-120 | P11: =$D11 -> 630 | Q11: =$E11 -> 5%-7% | S11: =R11*VLOOKUP(O11,$B$157:$C$159,2,FALSE) -> 0 | V11: =IF(R11="","",IF(S11>0.049999,"",((6-ROUND(S11*100,1))*0.01)*P11)) | W11: =IF(V11="","",V11*0.264172) | Y11: =IF(V11="",IF(S11=0,"",S11),"") | Z11: =$B11 -> 80-L1 | AA11: =$C11 -> GTS-120 | AB11: =$D11 -> 630 | AC11: =$E11 -> 5%-7% | AE11: =AD11*VLOOKUP(AA11,$B$157:$C$159,2,FALSE) -> 0 | AH11: =IF(AD11="","",IF(AE11>0.049999,"",((6-ROUND(AE11*100,1))*0.01)*AB11)) | AI11: =IF(AH11="","",AH11*0.264172) | AK11: =IF(AH11="",IF(AE11=0,"",AE11),"") | AL11: =$B11 -> 80-L1 | AM11: =$C11 -> GTS-120 | AN11: =$D11 -> 630 | AO11: =$E11 -> 5%-7% | AQ11: =AP11*VLOOKUP(AM11,$B$157:$C$159,2,FALSE) -> 0 | AT11: =IF(AP11="","",IF(AQ11>0.049999,"",((6-ROUND(AQ11*100,1))*0.01)*AN11)) | AU11: =IF(AT11="","",AT11*0.264172) | AW11: =IF(AT11="",IF(AQ11=0,"",AQ11),"") | AX11: =$B11 -> 80-L1 | AY11: =$C11 -> GTS-120 | AZ11: =$D11 -> 630 | BA11: =$E11 -> 5%-7% | BC11: =BB11*VLOOKUP(AY11,$B$157:$C$159,2,FALSE) -> 0 | BF11: =IF(BB11="","",IF(BC11>0.049999,"",((6-ROUND(BC11*100,1))*0.01)*AZ11)) | BG11: =IF(BF11="","",BF11*0.264172) | BI11: =IF(BF11="",IF(BC11=0,"",BC11),"") | BJ11: =SUM(K11,W11,AI11,AU11,BG11) -> 0 | BK11: =L11&X11&AJ11&AV11&BH11 | BL11: =$B11 -> 80-L1 | BM11: =$C11 -> GTS-120 | BN11: =$D11 -> 630 | BO11: =$E11 -> 5%-7% | BQ11: =BP11*VLOOKUP(BM11,$B$157:$C$159,2,FALSE) -> 0 | BT11: =IF(BP11="","",IF(BQ11>0.049999,"",((6-ROUND(BQ11*100,1))*0.01)*BN11)) | BU11: =IF(BT11="","",BT11*0.264172) | BW11: =IF(BT11="",IF(BQ11=0,"",BQ11),"") | BX11: =$B11 -> 80-L1 | BY11: =$C11 -> GTS-120 | BZ11: =$D11 -> 630 | CA11: =$E11 -> 5%-7% | CC11: =CB11*VLOOKUP(BY11,$B$157:$C$159,2,FALSE) -> 0 | CF11: =IF(CB11="","",IF(CC11>0.049999,"",((6-ROUND(CC11*100,1))*0.01)*BZ11)) | CG11: =IF(CF11="","",CF11*0.264172) | CI11: =IF(CF11="",IF(CC11=0,"",CC11),"") | CJ11: =$B11 -> 80-L1 | CK11: =$C11 -> GTS-120 | CL11: =$D11 -> 630 | CM11: =$E11 -> 5%-7% | CO11: =CN11*VLOOKUP(CK11,$B$157:$C$159,2,FALSE) -> 0 | CR11: =IF(CN11="","",IF(CO11>0.049999,"",((6-ROUND(CO11*100,1))*0.01)*CL11)) | CS11: =IF(CR11="","",CR11*0.264172) | CU11: =IF(CR11="",IF(CO11=0,"",CO11),"") | CV11: =$B11 -> 80-L1 | CW11: =$C11 -> GTS-120 | CX11: =$D11 -> 630 | CY11: =$E11 -> 5%-7% | DA11: =CZ11*VLOOKUP(CW11,$B$157:$C$159,2,FALSE) -> 0 | DD11: =IF(CZ11="","",IF(DA11>0.049999,"",((6-ROUND(DA11*100,1))*0.01)*CX11)) | DE11: =IF(DD11="","",DD11*0.264172) | DG11: =IF(DD11="",IF(DA11=0,"",DA11),"") | DH11: =$B11 -> 80-L1 | DI11: =$C11 -> GTS-120 | DJ11: =$D11 -> 630 | DK11: =$E11 -> 5%-7% | DM11: =DL11*VLOOKUP(DI11,$B$157:$C$159,2,FALSE) -> 0 | DP11: =IF(DL11="","",IF(DM11>0.049999,"",((6-ROUND(DM11*100,1))*0.01)*DJ11)) | DQ11: =IF(DP11="","",DP11*0.264172) | DS11: =IF(DP11="",IF(DM11=0,"",DM11),"") | DT11: =SUM(BU11,CG11,CS11,DE11,DQ11) -> 0 | DU11: =BV11&CH11&CT11&DF11&DR11 | DV11: =$B11 -> 80-L1 | DW11: =$C11 -> GTS-120 | DX11: =$D11 -> 630 | DY11: =$E11 -> 5%-7% | EA11: =DZ11*VLOOKUP(DW11,$B$157:$C$159,2,FALSE) -> 0 | ED11: =IF(DZ11="","",IF(EA11>0.049999,"",((6-ROUND(EA11*100,1))*0.01)*DX11)) | EE11: =IF(ED11="","",ED11*0.264172) | EG11: =IF(ED11="",IF(EA11=0,"",EA11),"") | EH11: =$B11 -> 80-L1 | EI11: =$C11 -> GTS-120 | EJ11: =$D11 -> 630 | EK11: =$E11 -> 5%-7% | EM11: =EL11*VLOOKUP(EI11,$B$157:$C$159,2,FALSE) -> 0 | EP11: =IF(EL11="","",IF(EM11>0.049999,"",((6-ROUND(EM11*100,1))*0.01)*EJ11)) | EQ11: =IF(EP11="","",EP11*0.264172) | ES11: =IF(EP11="",IF(EM11=0,"",EM11),"") | ET11: =$B11 -> 80-L1 | EU11: =$C11 -> GTS-120 | EV11: =$D11 -> 630 | EW11: =$E11 -> 5%-7% | EY11: =EX11*VLOOKUP(EU11,$B$157:$C$159,2,FALSE) -> 0 | FB11: =IF(EX11="","",IF(EY11>0.049999,"",((6-ROUND(EY11*100,1))*0.01)*EV11)) | FC11: =IF(FB11="","",FB11*0.264172) | FE11: =IF(FB11="",IF(EY11=0,"",EY11),"") | FF11: =$B11 -> 80-L1 | FG11: =$C11 -> GTS-120 | FH11: =$D11 -> 630 | FI11: =$E11 -> 5%-7% | FK11: =FJ11*VLOOKUP(FG11,$B$157:$C$159,2,FALSE) -> 0 | FN11: =IF(FJ11="","",IF(FK11>0.049999,"",((6-ROUND(FK11*100,1))*0.01)*FH11)) | FO11: =IF(FN11="","",FN11*0.264172) | FQ11: =IF(FN11="",IF(FK11=0,"",FK11),"") | FR11: =$B11 -> 80-L1 | FS11: =$C11 -> GTS-120 | FT11: =$D11 -> 630 | FU11: =$E11 -> 5%-7% | FW11: =FV11*VLOOKUP(FS11,$B$157:$C$159,2,FALSE) -> 0 | FZ11: =IF(FV11="","",IF(FW11>0.049999,"",((6-ROUND(FW11*100,1))*0.01)*FT11)) | GA11: =IF(FZ11="","",FZ11*0.264172) | GC11: =IF(FZ11="",IF(FW11=0,"",FW11),"") | GD11: =SUM(EE11,EQ11,FC11,FO11,GA11) -> 0 | GE11: =EF11&ER11&FD11&FP11&GB11 | GF11: =$B11 -> 80-L1 | GG11: =$C11 -> GTS-120 | GH11: =$D11 -> 630 | GI11: =$E11 -> 5%-7% | GK11: =GJ11*VLOOKUP(GG11,$B$157:$C$159,2,FALSE) -> 0 | GN11: =IF(GJ11="","",IF(GK11>0.049999,"",((6-ROUND(GK11*100,1))*0.01)*GH11)) | GO11: =IF(GN11="","",GN11*0.264172) | GQ11: =IF(GN11="",IF(GK11=0,"",GK11),"") | GR11: =$B11 -> 80-L1 | GS11: =$C11 -> GTS-120 | GT11: =$D11 -> 630 | GU11: =$E11 -> 5%-7% | GW11: =GV11*VLOOKUP(GS11,$B$157:$C$159,2,FALSE) -> 0 | GZ11: =IF(GV11="","",IF(GW11>0.049999,"",((6-ROUND(GW11*100,1))*0.01)*GT11)) | HA11: =IF(GZ11="","",GZ11*0.264172) | HC11: =IF(GZ11="",IF(GW11=0,"",GW11),"") | HD11: =$B11 -> 80-L1 | HE11: =$C11 -> GTS-120 | HF11: =$D11 -> 630 | HG11: =$E11 -> 5%-7% | HI11: =HH11*VLOOKUP(HE11,$B$157:$C$159,2,FALSE) -> 0 | HL11: =IF(HH11="","",IF(HI11>0.049999,"",((6-ROUND(HI11*100,1))*0.01)*HF11)) | HM11: =IF(HL11="","",HL11*0.264172) | HO11: =IF(HL11="",IF(HI11=0,"",HI11),"") | HP11: =$B11 -> 80-L1 | HQ11: =$C11 -> GTS-120 | HR11: =$D11 -> 630 | HS11: =$E11 -> 5%-7% | HU11: =HT11*VLOOKUP(HQ11,$B$157:$C$159,2,FALSE) -> 0 | HX11: =IF(HT11="","",IF(HU11>0.049999,"",((6-ROUND(HU11*100,1))*0.01)*HR11)) | HY11: =IF(HX11="","",HX11*0.264172) | IA11: =IF(HX11="",IF(HU11=0,"",HU11),"") | IB11: =$B11 -> 80-L1 | IC11: =$C11 -> GTS-120 | ID11: =$D11 -> 630 | IE11: =$E11 -> 5%-7% | IG11: =IF11*VLOOKUP(IC11,$B$157:$C$159,2,FALSE) -> 0 | IJ11: =IF(IF11="","",IF(IG11>0.049999,"",((6-ROUND(IG11*100,1))*0.01)*ID11)) | IK11: =IF(IJ11="","",IJ11*0.264172) | IM11: =IF(IJ11="",IF(IG11=0,"",IG11),"") | IN11: =SUM(GO11,HA11,HM11,HY11,IK11) -> 0 | IO11: =GP11&HB11&HN11&HZ11&IL11 | IP11: =$B11 -> 80-L1 | IQ11: =$C11 -> GTS-120 | IR11: =$D11 -> 630 | IS11: =$E11 -> 5%-7% | IU11: =IT11*VLOOKUP(IQ11,$B$157:$C$159,2,FALSE) -> 0 | IX11: =IF(IT11="","",IF(IU11>0.049999,"",((6-ROUND(IU11*100,1))*0.01)*IR11)) | IY11: =IF(IX11="","",IX11*0.264172) | JA11: =IF(IX11="",IF(IU11=0,"",IU11),"") | JB11: =$B11 -> 80-L1 | JC11: =$C11 -> GTS-120 | JD11: =$D11 -> 630 | JE11: =$E11 -> 5%-7% | JG11: =JF11*VLOOKUP(JC11,$B$157:$C$159,2,FALSE) -> 0 | JJ11: =IF(JF11="","",IF(JG11>0.049999,"",((6-ROUND(JG11*100,1))*0.01)*JD11)) | JK11: =IF(JJ11="","",JJ11*0.264172) | JM11: =IF(JJ11="",IF(JG11=0,"",JG11),"") | JN11: =$B11 -> 80-L1 | JO11: =$C11 -> GTS-120 | JP11: =$D11 -> 630 | JQ11: =$E11 -> 5%-7% | JS11: =JR11*VLOOKUP(JO11,$B$157:$C$159,2,FALSE) -> 0 | JV11: =IF(JR11="","",IF(JS11>0.049999,"",((6-ROUND(JS11*100,1))*0.01)*JP11)) | JW11: =IF(JV11="","",JV11*0.264172) | JY11: =IF(JV11="",IF(JS11=0,"",JS11),"") | JZ11: =$B11 -> 80-L1 | KA11: =$C11 -> GTS-120 | KB11: =$D11 -> 630 | KC11: =$E11 -> 5%-7% | KE11: =KD11*VLOOKUP(KA11,$B$157:$C$159,2,FALSE) -> 0 | KH11: =IF(KD11="","",IF(KE11>0.049999,"",((6-ROUND(KE11*100,1))*0.01)*KB11)) | KI11: =IF(KH11="","",KH11*0.264172) | KK11: =IF(KH11="",IF(KE11=0,"",KE11),"") | KL11: =$B11 -> 80-L1 | KM11: =$C11 -> GTS-120 | KN11: =$D11 -> 630 | KO11: =$E11 -> 5%-7% | KQ11: =KP11*VLOOKUP(KM11,$B$157:$C$159,2,FALSE) -> 0 | KT11: =IF(KP11="","",IF(KQ11>0.049999,"",((6-ROUND(KQ11*100,1))*0.01)*KN11)) | KU11: =IF(KT11="","",KT11*0.264172) | KW11: =IF(KT11="",IF(KQ11=0,"",KQ11),"") | KX11: =SUM(IY11,JK11,JW11,KI11,KU11) -> 0 | KY11: =IZ11&JL11&JX11&KJ11&KV11
A12: MWTH-1 | B12: 90-L1 | C12: =VLOOKUP($B12,'OP Info'!$C$4:$J$62,4,FALSE) -> GTS-120 | D12: =VLOOKUP($B12,'OP Info'!$C$4:$J$62,3,FALSE) -> 690 | E12: =CONCATENATE(VLOOKUP($B12,'OP Info'!$C$4:$J$62,5,FALSE),"%-",VLOOKUP($B12,'OP Info'!$C$4:$J$62,6,FALSE),"%") -> 5%-7% | G12: =F12*VLOOKUP(C12,$B$157:$C$159,2,FALSE) -> 0 | J12: =IF(F12="","",IF(G12>0.049999,"",((6-ROUND(G12*100,1))*0.01)*D12)) | K12: =IF(J12="","",J12*0.264172) | M12: =IF(J12="",IF(G12=0,"",G12),"") | N12: =$B12 -> 90-L1 | O12: =$C12 -> GTS-120 | P12: =$D12 -> 690 | Q12: =$E12 -> 5%-7% | S12: =R12*VLOOKUP(O12,$B$157:$C$159,2,FALSE) -> 0 | V12: =IF(R12="","",IF(S12>0.049999,"",((6-ROUND(S12*100,1))*0.01)*P12)) | W12: =IF(V12="","",V12*0.264172) | Y12: =IF(V12="",IF(S12=0,"",S12),"") | Z12: =$B12 -> 90-L1 | AA12: =$C12 -> GTS-120 | AB12: =$D12 -> 690 | AC12: =$E12 -> 5%-7% | AE12: =AD12*VLOOKUP(AA12,$B$157:$C$159,2,FALSE) -> 0 | AH12: =IF(AD12="","",IF(AE12>0.049999,"",((6-ROUND(AE12*100,1))*0.01)*AB12)) | AI12: =IF(AH12="","",AH12*0.264172) | AK12: =IF(AH12="",IF(AE12=0,"",AE12),"") | AL12: =$B12 -> 90-L1 | AM12: =$C12 -> GTS-120 | AN12: =$D12 -> 690 | AO12: =$E12 -> 5%-7% | AQ12: =AP12*VLOOKUP(AM12,$B$157:$C$159,2,FALSE) -> 0 | AT12: =IF(AP12="","",IF(AQ12>0.049999,"",((6-ROUND(AQ12*100,1))*0.01)*AN12)) | AU12: =IF(AT12="","",AT12*0.264172) | AW12: =IF(AT12="",IF(AQ12=0,"",AQ12),"") | AX12: =$B12 -> 90-L1 | AY12: =$C12 -> GTS-120 | AZ12: =$D12 -> 690 | BA12: =$E12 -> 5%-7% | BC12: =BB12*VLOOKUP(AY12,$B$157:$C$159,2,FALSE) -> 0 | BF12: =IF(BB12="","",IF(BC12>0.049999,"",((6-ROUND(BC12*100,1))*0.01)*AZ12)) | BG12: =IF(BF12="","",BF12*0.264172) | BI12: =IF(BF12="",IF(BC12=0,"",BC12),"") | BJ12: =SUM(K12,W12,AI12,AU12,BG12) -> 0 | BK12: =L12&X12&AJ12&AV12&BH12 | BL12: =$B12 -> 90-L1 | BM12: =$C12 -> GTS-120 | BN12: =$D12 -> 690 | BO12: =$E12 -> 5%-7% | BQ12: =BP12*VLOOKUP(BM12,$B$157:$C$159,2,FALSE) -> 0 | BT12: =IF(BP12="","",IF(BQ12>0.049999,"",((6-ROUND(BQ12*100,1))*0.01)*BN12)) | BU12: =IF(BT12="","",BT12*0.264172) | BW12: =IF(BT12="",IF(BQ12=0,"",BQ12),"") | BX12: =$B12 -> 90-L1 | BY12: =$C12 -> GTS-120 | BZ12: =$D12 -> 690 | CA12: =$E12 -> 5%-7% | CC12: =CB12*VLOOKUP(BY12,$B$157:$C$159,2,FALSE) -> 0 | CF12: =IF(CB12="","",IF(CC12>0.049999,"",((6-ROUND(CC12*100,1))*0.01)*BZ12)) | CG12: =IF(CF12="","",CF12*0.264172) | CI12: =IF(CF12="",IF(CC12=0,"",CC12),"") | CJ12: =$B12 -> 90-L1 | CK12: =$C12 -> GTS-120 | CL12: =$D12 -> 690 | CM12: =$E12 -> 5%-7% | CO12: =CN12*VLOOKUP(CK12,$B$157:$C$159,2,FALSE) -> 0 | CR12: =IF(CN12="","",IF(CO12>0.049999,"",((6-ROUND(CO12*100,1))*0.01)*CL12)) | CS12: =IF(CR12="","",CR12*0.264172) | CU12: =IF(CR12="",IF(CO12=0,"",CO12),"") | CV12: =$B12 -> 90-L1 | CW12: =$C12 -> GTS-120 | CX12: =$D12 -> 690 | CY12: =$E12 -> 5%-7% | DA12: =CZ12*VLOOKUP(CW12,$B$157:$C$159,2,FALSE) -> 0 | DD12: =IF(CZ12="","",IF(DA12>0.049999,"",((6-ROUND(DA12*100,1))*0.01)*CX12)) | DE12: =IF(DD12="","",DD12*0.264172) | DG12: =IF(DD12="",IF(DA12=0,"",DA12),"") | DH12: =$B12 -> 90-L1 | DI12: =$C12 -> GTS-120 | DJ12: =$D12 -> 690 | DK12: =$E12 -> 5%-7% | DM12: =DL12*VLOOKUP(DI12,$B$157:$C$159,2,FALSE) -> 0 | DP12: =IF(DL12="","",IF(DM12>0.049999,"",((6-ROUND(DM12*100,1))*0.01)*DJ12)) | DQ12: =IF(DP12="","",DP12*0.264172) | DS12: =IF(DP12="",IF(DM12=0,"",DM12),"") | DT12: =SUM(BU12,CG12,CS12,DE12,DQ12) -> 0 | DU12: =BV12&CH12&CT12&DF12&DR12 | DV12: =$B12 -> 90-L1 | DW12: =$C12 -> GTS-120 | DX12: =$D12 -> 690 | DY12: =$E12 -> 5%-7% | EA12: =DZ12*VLOOKUP(DW12,$B$157:$C$159,2,FALSE) -> 0 | ED12: =IF(DZ12="","",IF(EA12>0.049999,"",((6-ROUND(EA12*100,1))*0.01)*DX12)) | EE12: =IF(ED12="","",ED12*0.264172) | EG12: =IF(ED12="",IF(EA12=0,"",EA12),"") | EH12: =$B12 -> 90-L1 | EI12: =$C12 -> GTS-120 | EJ12: =$D12 -> 690 | EK12: =$E12 -> 5%-7% | EM12: =EL12*VLOOKUP(EI12,$B$157:$C$159,2,FALSE) -> 0 | EP12: =IF(EL12="","",IF(EM12>0.049999,"",((6-ROUND(EM12*100,1))*0.01)*EJ12)) | EQ12: =IF(EP12="","",EP12*0.264172) | ES12: =IF(EP12="",IF(EM12=0,"",EM12),"") | ET12: =$B12 -> 90-L1 | EU12: =$C12 -> GTS-120 | EV12: =$D12 -> 690 | EW12: =$E12 -> 5%-7% | EY12: =EX12*VLOOKUP(EU12,$B$157:$C$159,2,FALSE) -> 0 | FB12: =IF(EX12="","",IF(EY12>0.049999,"",((6-ROUND(EY12*100,1))*0.01)*EV12)) | FC12: =IF(FB12="","",FB12*0.264172) | FE12: =IF(FB12="",IF(EY12=0,"",EY12),"") | FF12: =$B12 -> 90-L1 | FG12: =$C12 -> GTS-120 | FH12: =$D12 -> 690 | FI12: =$E12 -> 5%-7% | FK12: =FJ12*VLOOKUP(FG12,$B$157:$C$159,2,FALSE) -> 0 | FN12: =IF(FJ12="","",IF(FK12>0.049999,"",((6-ROUND(FK12*100,1))*0.01)*FH12)) | FO12: =IF(FN12="","",FN12*0.264172) | FQ12: =IF(FN12="",IF(FK12=0,"",FK12),"") | FR12: =$B12 -> 90-L1 | FS12: =$C12 -> GTS-120 | FT12: =$D12 -> 690 | FU12: =$E12 -> 5%-7% | FW12: =FV12*VLOOKUP(FS12,$B$157:$C$159,2,FALSE) -> 0 | FZ12: =IF(FV12="","",IF(FW12>0.049999,"",((6-ROUND(FW12*100,1))*0.01)*FT12)) | GA12: =IF(FZ12="","",FZ12*0.264172) | GC12: =IF(FZ12="",IF(FW12=0,"",FW12),"") | GD12: =SUM(EE12,EQ12,FC12,FO12,GA12) -> 0 | GE12: =EF12&ER12&FD12&FP12&GB12 | GF12: =$B12 -> 90-L1 | GG12: =$C12 -> GTS-120 | GH12: =$D12 -> 690 | GI12: =$E12 -> 5%-7% | GK12: =GJ12*VLOOKUP(GG12,$B$157:$C$159,2,FALSE) -> 0 | GN12: =IF(GJ12="","",IF(GK12>0.049999,"",((6-ROUND(GK12*100,1))*0.01)*GH12)) | GO12: =IF(GN12="","",GN12*0.264172) | GQ12: =IF(GN12="",IF(GK12=0,"",GK12),"") | GR12: =$B12 -> 90-L1 | GS12: =$C12 -> GTS-120 | GT12: =$D12 -> 690 | GU12: =$E12 -> 5%-7% | GW12: =GV12*VLOOKUP(GS12,$B$157:$C$159,2,FALSE) -> 0 | GZ12: =IF(GV12="","",IF(GW12>0.049999,"",((6-ROUND(GW12*100,1))*0.01)*GT12)) | HA12: =IF(GZ12="","",GZ12*0.264172) | HC12: =IF(GZ12="",IF(GW12=0,"",GW12),"") | HD12: =$B12 -> 90-L1 | HE12: =$C12 -> GTS-120 | HF12: =$D12 -> 690 | HG12: =$E12 -> 5%-7% | HI12: =HH12*VLOOKUP(HE12,$B$157:$C$159,2,FALSE) -> 0 | HL12: =IF(HH12="","",IF(HI12>0.049999,"",((6-ROUND(HI12*100,1))*0.01)*HF12)) | HM12: =IF(HL12="","",HL12*0.264172) | HO12: =IF(HL12="",IF(HI12=0,"",HI12),"") | HP12: =$B12 -> 90-L1 | HQ12: =$C12 -> GTS-120 | HR12: =$D12 -> 690 | HS12: =$E12 -> 5%-7% | HU12: =HT12*VLOOKUP(HQ12,$B$157:$C$159,2,FALSE) -> 0 | HX12: =IF(HT12="","",IF(HU12>0.049999,"",((6-ROUND(HU12*100,1))*0.01)*HR12)) | HY12: =IF(HX12="","",HX12*0.264172) | IA12: =IF(HX12="",IF(HU12=0,"",HU12),"") | IB12: =$B12 -> 90-L1 | IC12: =$C12 -> GTS-120 | ID12: =$D12 -> 690 | IE12: =$E12 -> 5%-7% | IG12: =IF12*VLOOKUP(IC12,$B$157:$C$159,2,FALSE) -> 0 | IJ12: =IF(IF12="","",IF(IG12>0.049999,"",((6-ROUND(IG12*100,1))*0.01)*ID12)) | IK12: =IF(IJ12="","",IJ12*0.264172) | IM12: =IF(IJ12="",IF(IG12=0,"",IG12),"") | IN12: =SUM(GO12,HA12,HM12,HY12,IK12) -> 0 | IO12: =GP12&HB12&HN12&HZ12&IL12 | IP12: =$B12 -> 90-L1 | IQ12: =$C12 -> GTS-120 | IR12: =$D12 -> 690 | IS12: =$E12 -> 5%-7% | IU12: =IT12*VLOOKUP(IQ12,$B$157:$C$159,2,FALSE) -> 0 | IX12: =IF(IT12="","",IF(IU12>0.049999,"",((6-ROUND(IU12*100,1))*0.01)*IR12)) | IY12: =IF(IX12="","",IX12*0.264172) | JA12: =IF(IX12="",IF(IU12=0,"",IU12),"") | JB12: =$B12 -> 90-L1 | JC12: =$C12 -> GTS-120 | JD12: =$D12 -> 690 | JE12: =$E12 -> 5%-7% | JG12: =JF12*VLOOKUP(JC12,$B$157:$C$159,2,FALSE) -> 0 | JJ12: =IF(JF12="","",IF(JG12>0.049999,"",((6-ROUND(JG12*100,1))*0.01)*JD12)) | JK12: =IF(JJ12="","",JJ12*0.264172) | JM12: =IF(JJ12="",IF(JG12=0,"",JG12),"") | JN12: =$B12 -> 90-L1 | JO12: =$C12 -> GTS-120 | JP12: =$D12 -> 690 | JQ12: =$E12 -> 5%-7% | JS12: =JR12*VLOOKUP(JO12,$B$157:$C$159,2,FALSE) -> 0 | JV12: =IF(JR12="","",IF(JS12>0.049999,"",((6-ROUND(JS12*100,1))*0.01)*JP12)) | JW12: =IF(JV12="","",JV12*0.264172) | JY12: =IF(JV12="",IF(JS12=0,"",JS12),"") | JZ12: =$B12 -> 90-L1 | KA12: =$C12 -> GTS-120 | KB12: =$D12 -> 690 | KC12: =$E12 -> 5%-7% | KE12: =KD12*VLOOKUP(KA12,$B$157:$C$159,2,FALSE) -> 0 | KH12: =IF(KD12="","",IF(KE12>0.049999,"",((6-ROUND(KE12*100,1))*0.01)*KB12)) | KI12: =IF(KH12="","",KH12*0.264172) | KK12: =IF(KH12="",IF(KE12=0,"",KE12),"") | KL12: =$B12 -> 90-L1 | KM12: =$C12 -> GTS-120 | KN12: =$D12 -> 690 | KO12: =$E12 -> 5%-7% | KQ12: =KP12*VLOOKUP(KM12,$B$157:$C$159,2,FALSE) -> 0 | KT12: =IF(KP12="","",IF(KQ12>0.049999,"",((6-ROUND(KQ12*100,1))*0.01)*KN12)) | KU12: =IF(KT12="","",KT12*0.264172) | KW12: =IF(KT12="",IF(KQ12=0,"",KQ12),"") | KX12: =SUM(IY12,JK12,JW12,KI12,KU12) -> 0 | KY12: =IZ12&JL12&JX12&KJ12&KV12
A13: MWTH-1 | B13: 100A-L1 | C13: =VLOOKUP($B13,'OP Info'!$C$4:$J$62,4,FALSE) -> GTS-120 | D13: =VLOOKUP($B13,'OP Info'!$C$4:$J$62,3,FALSE) -> 850 | E13: =CONCATENATE(VLOOKUP($B13,'OP Info'!$C$4:$J$62,5,FALSE),"%-",VLOOKUP($B13,'OP Info'!$C$4:$J$62,6,FALSE),"%") -> 7%-9% | G13: =F13*VLOOKUP(C13,$B$157:$C$159,2,FALSE) -> 0 | J13: =IF(F13="","",IF(G13>0.069999,"",((8-ROUND(G13*100,1))*0.01)*D13)) | K13: =IF(J13="","",J13*0.264172) | M13: =IF(J13="",IF(G13=0,"",G13),"") | N13: =$B13 -> 100A-L1 | O13: =$C13 -> GTS-120 | P13: =$D13 -> 850 | Q13: =$E13 -> 7%-9% | S13: =R13*VLOOKUP(O13,$B$157:$C$159,2,FALSE) -> 0 | V13: =IF(R13="","",IF(S13>0.069999,"",((8-ROUND(S13*100,1))*0.01)*P13)) | W13: =IF(V13="","",V13*0.264172) | Y13: =IF(V13="",IF(S13=0,"",S13),"") | Z13: =$B13 -> 100A-L1 | AA13: =$C13 -> GTS-120 | AB13: =$D13 -> 850 | AC13: =$E13 -> 7%-9% | AE13: =AD13*VLOOKUP(AA13,$B$157:$C$159,2,FALSE) -> 0 | AH13: =IF(AD13="","",IF(AE13>0.069999,"",((8-ROUND(AE13*100,1))*0.01)*AB13)) | AI13: =IF(AH13="","",AH13*0.264172) | AK13: =IF(AH13="",IF(AE13=0,"",AE13),"") | AL13: =$B13 -> 100A-L1 | AM13: =$C13 -> GTS-120 | AN13: =$D13 -> 850 | AO13: =$E13 -> 7%-9% | AQ13: =AP13*VLOOKUP(AM13,$B$157:$C$159,2,FALSE) -> 0 | AT13: =IF(AP13="","",IF(AQ13>0.069999,"",((8-ROUND(AQ13*100,1))*0.01)*AN13)) | AU13: =IF(AT13="","",AT13*0.264172) | AW13: =IF(AT13="",IF(AQ13=0,"",AQ13),"") | AX13: =$B13 -> 100A-L1 | AY13: =$C13 -> GTS-120 | AZ13: =$D13 -> 850 | BA13: =$E13 -> 7%-9% | BC13: =BB13*VLOOKUP(AY13,$B$157:$C$159,2,FALSE) -> 0 | BF13: =IF(BB13="","",IF(BC13>0.069999,"",((8-ROUND(BC13*100,1))*0.01)*AZ13)) | BG13: =IF(BF13="","",BF13*0.264172) | BI13: =IF(BF13="",IF(BC13=0,"",BC13),"") | BJ13: =SUM(K13,W13,AI13,AU13,BG13) -> 0 | BK13: =L13&X13&AJ13&AV13&BH13 | BL13: =$B13 -> 100A-L1 | BM13: =$C13 -> GTS-120 | BN13: =$D13 -> 850 | BO13: =$E13 -> 7%-9% | BQ13: =BP13*VLOOKUP(BM13,$B$157:$C$159,2,FALSE) -> 0 | BT13: =IF(BP13="","",IF(BQ13>0.069999,"",((8-ROUND(BQ13*100,1))*0.01)*BN13)) | BU13: =IF(BT13="","",BT13*0.264172) | BW13: =IF(BT13="",IF(BQ13=0,"",BQ13),"") | BX13: =$B13 -> 100A-L1 | BY13: =$C13 -> GTS-120 | BZ13: =$D13 -> 850 | CA13: =$E13 -> 7%-9% | CC13: =CB13*VLOOKUP(BY13,$B$157:$C$159,2,FALSE) -> 0 | CF13: =IF(CB13="","",IF(CC13>0.069999,"",((8-ROUND(CC13*100,1))*0.01)*BZ13)) | CG13: =IF(CF13="","",CF13*0.264172) | CI13: =IF(CF13="",IF(CC13=0,"",CC13),"") | CJ13: =$B13 -> 100A-L1 | CK13: =$C13 -> GTS-120 | CL13: =$D13 -> 850 | CM13: =$E13 -> 7%-9% | CO13: =CN13*VLOOKUP(CK13,$B$157:$C$159,2,FALSE) -> 0 | CR13: =IF(CN13="","",IF(CO13>0.069999,"",((8-ROUND(CO13*100,1))*0.01)*CL13)) | CS13: =IF(CR13="","",CR13*0.264172) | CU13: =IF(CR13="",IF(CO13=0,"",CO13),"") | CV13: =$B13 -> 100A-L1 | CW13: =$C13 -> GTS-120 | CX13: =$D13 -> 850 | CY13: =$E13 -> 7%-9% | DA13: =CZ13*VLOOKUP(CW13,$B$157:$C$159,2,FALSE) -> 0 | DD13: =IF(CZ13="","",IF(DA13>0.069999,"",((8-ROUND(DA13*100,1))*0.01)*CX13)) | DE13: =IF(DD13="","",DD13*0.264172) | DG13: =IF(DD13="",IF(DA13=0,"",DA13),"") | DH13: =$B13 -> 100A-L1 | DI13: =$C13 -> GTS-120 | DJ13: =$D13 -> 850 | DK13: =$E13 -> 7%-9% | DM13: =DL13*VLOOKUP(DI13,$B$157:$C$159,2,FALSE) -> 0 | DP13: =IF(DL13="","",IF(DM13>0.069999,"",((8-ROUND(DM13*100,1))*0.01)*DJ13)) | DQ13: =IF(DP13="","",DP13*0.264172) | DS13: =IF(DP13="",IF(DM13=0,"",DM13),"") | DT13: =SUM(BU13,CG13,CS13,DE13,DQ13) -> 0 | DU13: =BV13&CH13&CT13&DF13&DR13 | DV13: =$B13 -> 100A-L1 | DW13: =$C13 -> GTS-120 | DX13: =$D13 -> 850 | DY13: =$E13 -> 7%-9% | EA13: =DZ13*VLOOKUP(DW13,$B$157:$C$159,2,FALSE) -> 0 | ED13: =IF(DZ13="","",IF(EA13>0.069999,"",((8-ROUND(EA13*100,1))*0.01)*DX13)) | EE13: =IF(ED13="","",ED13*0.264172) | EG13: =IF(ED13="",IF(EA13=0,"",EA13),"") | EH13: =$B13 -> 100A-L1 | EI13: =$C13 -> GTS-120 | EJ13: =$D13 -> 850 | EK13: =$E13 -> 7%-9% | EM13: =EL13*VLOOKUP(EI13,$B$157:$C$159,2,FALSE) -> 0 | EP13: =IF(EL13="","",IF(EM13>0.069999,"",((8-ROUND(EM13*100,1))*0.01)*EJ13)) | EQ13: =IF(EP13="","",EP13*0.264172) | ES13: =IF(EP13="",IF(EM13=0,"",EM13),"") | ET13: =$B13 -> 100A-L1 | EU13: =$C13 -> GTS-120 | EV13: =$D13 -> 850 | EW13: =$E13 -> 7%-9% | EY13: =EX13*VLOOKUP(EU13,$B$157:$C$159,2,FALSE) -> 0 | FB13: =IF(EX13="","",IF(EY13>0.069999,"",((8-ROUND(EY13*100,1))*0.01)*EV13)) | FC13: =IF(FB13="","",FB13*0.264172) | FE13: =IF(FB13="",IF(EY13=0,"",EY13),"") | FF13: =$B13 -> 100A-L1 | FG13: =$C13 -> GTS-120 | FH13: =$D13 -> 850 | FI13: =$E13 -> 7%-9% | FK13: =FJ13*VLOOKUP(FG13,$B$157:$C$159,2,FALSE) -> 0 | FN13: =IF(FJ13="","",IF(FK13>0.069999,"",((8-ROUND(FK13*100,1))*0.01)*FH13)) | FO13: =IF(FN13="","",FN13*0.264172) | FQ13: =IF(FN13="",IF(FK13=0,"",FK13),"") | FR13: =$B13 -> 100A-L1 | FS13: =$C13 -> GTS-120 | FT13: =$D13 -> 850 | FU13: =$E13 -> 7%-9% | FW13: =FV13*VLOOKUP(FS13,$B$157:$C$159,2,FALSE) -> 0 | FZ13: =IF(FV13="","",IF(FW13>0.069999,"",((8-ROUND(FW13*100,1))*0.01)*FT13)) | GA13: =IF(FZ13="","",FZ13*0.264172) | GC13: =IF(FZ13="",IF(FW13=0,"",FW13),"") | GD13: =SUM(EE13,EQ13,FC13,FO13,GA13) -> 0 | GE13: =EF13&ER13&FD13&FP13&GB13 | GF13: =$B13 -> 100A-L1 | GG13: =$C13 -> GTS-120 | GH13: =$D13 -> 850 | GI13: =$E13 -> 7%-9% | GK13: =GJ13*VLOOKUP(GG13,$B$157:$C$159,2,FALSE) -> 0 | GN13: =IF(GJ13="","",IF(GK13>0.069999,"",((8-ROUND(GK13*100,1))*0.01)*GH13)) | GO13: =IF(GN13="","",GN13*0.264172) | GQ13: =IF(GN13="",IF(GK13=0,"",GK13),"") | GR13: =$B13 -> 100A-L1 | GS13: =$C13 -> GTS-120 | GT13: =$D13 -> 850 | GU13: =$E13 -> 7%-9% | GW13: =GV13*VLOOKUP(GS13,$B$157:$C$159,2,FALSE) -> 0 | GZ13: =IF(GV13="","",IF(GW13>0.069999,"",((8-ROUND(GW13*100,1))*0.01)*GT13)) | HA13: =IF(GZ13="","",GZ13*0.264172) | HC13: =IF(GZ13="",IF(GW13=0,"",GW13),"") | HD13: =$B13 -> 100A-L1 | HE13: =$C13 -> GTS-120 | HF13: =$D13 -> 850 | HG13: =$E13 -> 7%-9% | HI13: =HH13*VLOOKUP(HE13,$B$157:$C$159,2,FALSE) -> 0 | HL13: =IF(HH13="","",IF(HI13>0.069999,"",((8-ROUND(HI13*100,1))*0.01)*HF13)) | HM13: =IF(HL13="","",HL13*0.264172) | HO13: =IF(HL13="",IF(HI13=0,"",HI13),"") | HP13: =$B13 -> 100A-L1 | HQ13: =$C13 -> GTS-120 | HR13: =$D13 -> 850 | HS13: =$E13 -> 7%-9% | HU13: =HT13*VLOOKUP(HQ13,$B$157:$C$159,2,FALSE) -> 0 | HX13: =IF(HT13="","",IF(HU13>0.069999,"",((8-ROUND(HU13*100,1))*0.01)*HR13)) | HY13: =IF(HX13="","",HX13*0.264172) | IA13: =IF(HX13="",IF(HU13=0,"",HU13),"") | IB13: =$B13 -> 100A-L1 | IC13: =$C13 -> GTS-120 | ID13: =$D13 -> 850 | IE13: =$E13 -> 7%-9% | IG13: =IF13*VLOOKUP(IC13,$B$157:$C$159,2,FALSE) -> 0 | IJ13: =IF(IF13="","",IF(IG13>0.069999,"",((8-ROUND(IG13*100,1))*0.01)*ID13)) | IK13: =IF(IJ13="","",IJ13*0.264172) | IM13: =IF(IJ13="",IF(IG13=0,"",IG13),"") | IN13: =SUM(GO13,HA13,HM13,HY13,IK13) -> 0 | IO13: =GP13&HB13&HN13&HZ13&IL13 | IP13: =$B13 -> 100A-L1 | IQ13: =$C13 -> GTS-120 | IR13: =$D13 -> 850 | IS13: =$E13 -> 7%-9% | IU13: =IT13*VLOOKUP(IQ13,$B$157:$C$159,2,FALSE) -> 0 | IX13: =IF(IT13="","",IF(IU13>0.069999,"",((8-ROUND(IU13*100,1))*0.01)*IR13)) | IY13: =IF(IX13="","",IX13*0.264172) | JA13: =IF(IX13="",IF(IU13=0,"",IU13),"") | JB13: =$B13 -> 100A-L1 | JC13: =$C13 -> GTS-120 | JD13: =$D13 -> 850 | JE13: =$E13 -> 7%-9% | JG13: =JF13*VLOOKUP(JC13,$B$157:$C$159,2,FALSE) -> 0 | JJ13: =IF(JF13="","",IF(JG13>0.069999,"",((8-ROUND(JG13*100,1))*0.01)*JD13)) | JK13: =IF(JJ13="","",JJ13*0.264172) | JM13: =IF(JJ13="",IF(JG13=0,"",JG13),"") | JN13: =$B13 -> 100A-L1 | JO13: =$C13 -> GTS-120 | JP13: =$D13 -> 850 | JQ13: =$E13 -> 7%-9% | JS13: =JR13*VLOOKUP(JO13,$B$157:$C$159,2,FALSE) -> 0 | JV13: =IF(JR13="","",IF(JS13>0.069999,"",((8-ROUND(JS13*100,1))*0.01)*JP13)) | JW13: =IF(JV13="","",JV13*0.264172) | JY13: =IF(JV13="",IF(JS13=0,"",JS13),"") | JZ13: =$B13 -> 100A-L1 | KA13: =$C13 -> GTS-120 | KB13: =$D13 -> 850 | KC13: =$E13 -> 7%-9% | KE13: =KD13*VLOOKUP(KA13,$B$157:$C$159,2,FALSE) -> 0 | KH13: =IF(KD13="","",IF(KE13>0.069999,"",((8-ROUND(KE13*100,1))*0.01)*KB13)) | KI13: =IF(KH13="","",KH13*0.264172) | KK13: =IF(KH13="",IF(KE13=0,"",KE13),"") | KL13: =$B13 -> 100A-L1 | KM13: =$C13 -> GTS-120 | KN13: =$D13 -> 850 | KO13: =$E13 -> 7%-9% | KQ13: =KP13*VLOOKUP(KM13,$B$157:$C$159,2,FALSE) -> 0 | KT13: =IF(KP13="","",IF(KQ13>0.069999,"",((8-ROUND(KQ13*100,1))*0.01)*KN13)) | KU13: =IF(KT13="","",KT13*0.264172) | KW13: =IF(KT13="",IF(KQ13=0,"",KQ13),"") | KX13: =SUM(IY13,JK13,JW13,KI13,KU13) -> 0 | KY13: =IZ13&JL13&JX13&KJ13&KV13
A14: MWTH-1 | B14: 100B-L1 | C14: =VLOOKUP($B14,'OP Info'!$C$4:$J$62,4,FALSE) -> GTS-120 | D14: =VLOOKUP($B14,'OP Info'!$C$4:$J$62,3,FALSE) -> 850 | E14: =CONCATENATE(VLOOKUP($B14,'OP Info'!$C$4:$J$62,5,FALSE),"%-",VLOOKUP($B14,'OP Info'!$C$4:$J$62,6,FALSE),"%") -> 7%-9% | G14: =F14*VLOOKUP(C14,$B$157:$C$159,2,FALSE) -> 0 | J14: =IF(F14="","",IF(G14>0.069999,"",((8-ROUND(G14*100,1))*0.01)*D14)) | K14: =IF(J14="","",J14*0.264172) | M14: =IF(J14="",IF(G14=0,"",G14),"") | N14: =$B14 -> 100B-L1 | O14: =$C14 -> GTS-120 | P14: =$D14 -> 850 | Q14: =$E14 -> 7%-9% | S14: =R14*VLOOKUP(O14,$B$157:$C$159,2,FALSE) -> 0 | V14: =IF(R14="","",IF(S14>0.069999,"",((8-ROUND(S14*100,1))*0.01)*P14)) | W14: =IF(V14="","",V14*0.264172) | Y14: =IF(V14="",IF(S14=0,"",S14),"") | Z14: =$B14 -> 100B-L1 | AA14: =$C14 -> GTS-120 | AB14: =$D14 -> 850 | AC14: =$E14 -> 7%-9% | AE14: =AD14*VLOOKUP(AA14,$B$157:$C$159,2,FALSE) -> 0 | AH14: =IF(AD14="","",IF(AE14>0.069999,"",((8-ROUND(AE14*100,1))*0.01)*AB14)) | AI14: =IF(AH14="","",AH14*0.264172) | AK14: =IF(AH14="",IF(AE14=0,"",AE14),"") | AL14: =$B14 -> 100B-L1 | AM14: =$C14 -> GTS-120 | AN14: =$D14 -> 850 | AO14: =$E14 -> 7%-9% | AQ14: =AP14*VLOOKUP(AM14,$B$157:$C$159,2,FALSE) -> 0 | AT14: =IF(AP14="","",IF(AQ14>0.069999,"",((8-ROUND(AQ14*100,1))*0.01)*AN14)) | AU14: =IF(AT14="","",AT14*0.264172) | AW14: =IF(AT14="",IF(AQ14=0,"",AQ14),"") | AX14: =$B14 -> 100B-L1 | AY14: =$C14 -> GTS-120 | AZ14: =$D14 -> 850 | BA14: =$E14 -> 7%-9% | BC14: =BB14*VLOOKUP(AY14,$B$157:$C$159,2,FALSE) -> 0 | BF14: =IF(BB14="","",IF(BC14>0.069999,"",((8-ROUND(BC14*100,1))*0.01)*AZ14)) | BG14: =IF(BF14="","",BF14*0.264172) | BI14: =IF(BF14="",IF(BC14=0,"",BC14),"") | BJ14: =SUM(K14,W14,AI14,AU14,BG14) -> 0 | BK14: =L14&X14&AJ14&AV14&BH14 | BL14: =$B14 -> 100B-L1 | BM14: =$C14 -> GTS-120 | BN14: =$D14 -> 850 | BO14: =$E14 -> 7%-9% | BQ14: =BP14*VLOOKUP(BM14,$B$157:$C$159,2,FALSE) -> 0 | BT14: =IF(BP14="","",IF(BQ14>0.069999,"",((8-ROUND(BQ14*100,1))*0.01)*BN14)) | BU14: =IF(BT14="","",BT14*0.264172) | BW14: =IF(BT14="",IF(BQ14=0,"",BQ14),"") | BX14: =$B14 -> 100B-L1 | BY14: =$C14 -> GTS-120 | BZ14: =$D14 -> 850 | CA14: =$E14 -> 7%-9% | CC14: =CB14*VLOOKUP(BY14,$B$157:$C$159,2,FALSE) -> 0 | CF14: =IF(CB14="","",IF(CC14>0.069999,"",((8-ROUND(CC14*100,1))*0.01)*BZ14)) | CG14: =IF(CF14="","",CF14*0.264172) | CI14: =IF(CF14="",IF(CC14=0,"",CC14),"") | CJ14: =$B14 -> 100B-L1 | CK14: =$C14 -> GTS-120 | CL14: =$D14 -> 850 | CM14: =$E14 -> 7%-9% | CO14: =CN14*VLOOKUP(CK14,$B$157:$C$159,2,FALSE) -> 0 | CR14: =IF(CN14="","",IF(CO14>0.069999,"",((8-ROUND(CO14*100,1))*0.01)*CL14)) | CS14: =IF(CR14="","",CR14*0.264172) | CU14: =IF(CR14="",IF(CO14=0,"",CO14),"") | CV14: =$B14 -> 100B-L1 | CW14: =$C14 -> GTS-120 | CX14: =$D14 -> 850 | CY14: =$E14 -> 7%-9% | DA14: =CZ14*VLOOKUP(CW14,$B$157:$C$159,2,FALSE) -> 0 | DD14: =IF(CZ14="","",IF(DA14>0.069999,"",((8-ROUND(DA14*100,1))*0.01)*CX14)) | DE14: =IF(DD14="","",DD14*0.264172) | DG14: =IF(DD14="",IF(DA14=0,"",DA14),"") | DH14: =$B14 -> 100B-L1 | DI14: =$C14 -> GTS-120 | DJ14: =$D14 -> 850 | DK14: =$E14 -> 7%-9% | DM14: =DL14*VLOOKUP(DI14,$B$157:$C$159,2,FALSE) -> 0 | DP14: =IF(DL14="","",IF(DM14>0.069999,"",((8-ROUND(DM14*100,1))*0.01)*DJ14)) | DQ14: =IF(DP14="","",DP14*0.264172) | DS14: =IF(DP14="",IF(DM14=0,"",DM14),"") | DT14: =SUM(BU14,CG14,CS14,DE14,DQ14) -> 0 | DU14: =BV14&CH14&CT14&DF14&DR14 | DV14: =$B14 -> 100B-L1 | DW14: =$C14 -> GTS-120 | DX14: =$D14 -> 850 | DY14: =$E14 -> 7%-9% | EA14: =DZ14*VLOOKUP(DW14,$B$157:$C$159,2,FALSE) -> 0 | ED14: =IF(DZ14="","",IF(EA14>0.069999,"",((8-ROUND(EA14*100,1))*0.01)*DX14)) | EE14: =IF(ED14="","",ED14*0.264172) | EG14: =IF(ED14="",IF(EA14=0,"",EA14),"") | EH14: =$B14 -> 100B-L1 | EI14: =$C14 -> GTS-120 | EJ14: =$D14 -> 850 | EK14: =$E14 -> 7%-9% | EM14: =EL14*VLOOKUP(EI14,$B$157:$C$159,2,FALSE) -> 0 | EP14: =IF(EL14="","",IF(EM14>0.069999,"",((8-ROUND(EM14*100,1))*0.01)*EJ14)) | EQ14: =IF(EP14="","",EP14*0.264172) | ES14: =IF(EP14="",IF(EM14=0,"",EM14),"") | ET14: =$B14 -> 100B-L1 | EU14: =$C14 -> GTS-120 | EV14: =$D14 -> 850 | EW14: =$E14 -> 7%-9% | EY14: =EX14*VLOOKUP(EU14,$B$157:$C$159,2,FALSE) -> 0 | FB14: =IF(EX14="","",IF(EY14>0.069999,"",((8-ROUND(EY14*100,1))*0.01)*EV14)) | FC14: =IF(FB14="","",FB14*0.264172) | FE14: =IF(FB14="",IF(EY14=0,"",EY14),"") | FF14: =$B14 -> 100B-L1 | FG14: =$C14 -> GTS-120 | FH14: =$D14 -> 850 | FI14: =$E14 -> 7%-9% | FK14: =FJ14*VLOOKUP(FG14,$B$157:$C$159,2,FALSE) -> 0 | FN14: =IF(FJ14="","",IF(FK14>0.069999,"",((8-ROUND(FK14*100,1))*0.01)*FH14)) | FO14: =IF(FN14="","",FN14*0.264172) | FQ14: =IF(FN14="",IF(FK14=0,"",FK14),"") | FR14: =$B14 -> 100B-L1 | FS14: =$C14 -> GTS-120 | FT14: =$D14 -> 850 | FU14: =$E14 -> 7%-9% | FW14: =FV14*VLOOKUP(FS14,$B$157:$C$159,2,FALSE) -> 0 | FZ14: =IF(FV14="","",IF(FW14>0.069999,"",((8-ROUND(FW14*100,1))*0.01)*FT14)) | GA14: =IF(FZ14="","",FZ14*0.264172) | GC14: =IF(FZ14="",IF(FW14=0,"",FW14),"") | GD14: =SUM(EE14,EQ14,FC14,FO14,GA14) -> 0 | GE14: =EF14&ER14&FD14&FP14&GB14 | GF14: =$B14 -> 100B-L1 | GG14: =$C14 -> GTS-120 | GH14: =$D14 -> 850 | GI14: =$E14 -> 7%-9% | GK14: =GJ14*VLOOKUP(GG14,$B$157:$C$159,2,FALSE) -> 0 | GN14: =IF(GJ14="","",IF(GK14>0.069999,"",((8-ROUND(GK14*100,1))*0.01)*GH14)) | GO14: =IF(GN14="","",GN14*0.264172) | GQ14: =IF(GN14="",IF(GK14=0,"",GK14),"") | GR14: =$B14 -> 100B-L1 | GS14: =$C14 -> GTS-120 | GT14: =$D14 -> 850 | GU14: =$E14 -> 7%-9% | GW14: =GV14*VLOOKUP(GS14,$B$157:$C$159,2,FALSE) -> 0 | GZ14: =IF(GV14="","",IF(GW14>0.069999,"",((8-ROUND(GW14*100,1))*0.01)*GT14)) | HA14: =IF(GZ14="","",GZ14*0.264172) | HC14: =IF(GZ14="",IF(GW14=0,"",GW14),"") | HD14: =$B14 -> 100B-L1 | HE14: =$C14 -> GTS-120 | HF14: =$D14 -> 850 | HG14: =$E14 -> 7%-9% | HI14: =HH14*VLOOKUP(HE14,$B$157:$C$159,2,FALSE) -> 0 | HL14: =IF(HH14="","",IF(HI14>0.069999,"",((8-ROUND(HI14*100,1))*0.01)*HF14)) | HM14: =IF(HL14="","",HL14*0.264172) | HO14: =IF(HL14="",IF(HI14=0,"",HI14),"") | HP14: =$B14 -> 100B-L1 | HQ14: =$C14 -> GTS-120 | HR14: =$D14 -> 850 | HS14: =$E14 -> 7%-9% | HU14: =HT14*VLOOKUP(HQ14,$B$157:$C$159,2,FALSE) -> 0 | HX14: =IF(HT14="","",IF(HU14>0.069999,"",((8-ROUND(HU14*100,1))*0.01)*HR14)) | HY14: =IF(HX14="","",HX14*0.264172) | IA14: =IF(HX14="",IF(HU14=0,"",HU14),"") | IB14: =$B14 -> 100B-L1 | IC14: =$C14 -> GTS-120 | ID14: =$D14 -> 850 | IE14: =$E14 -> 7%-9% | IG14: =IF14*VLOOKUP(IC14,$B$157:$C$159,2,FALSE) -> 0 | IJ14: =IF(IF14="","",IF(IG14>0.069999,"",((8-ROUND(IG14*100,1))*0.01)*ID14)) | IK14: =IF(IJ14="","",IJ14*0.264172) | IM14: =IF(IJ14="",IF(IG14=0,"",IG14),"") | IN14: =SUM(GO14,HA14,HM14,HY14,IK14) -> 0 | IO14: =GP14&HB14&HN14&HZ14&IL14 | IP14: =$B14 -> 100B-L1 | IQ14: =$C14 -> GTS-120 | IR14: =$D14 -> 850 | IS14: =$E14 -> 7%-9% | IU14: =IT14*VLOOKUP(IQ14,$B$157:$C$159,2,FALSE) -> 0 | IX14: =IF(IT14="","",IF(IU14>0.069999,"",((8-ROUND(IU14*100,1))*0.01)*IR14)) | IY14: =IF(IX14="","",IX14*0.264172) | JA14: =IF(IX14="",IF(IU14=0,"",IU14),"") | JB14: =$B14 -> 100B-L1 | JC14: =$C14 -> GTS-120 | JD14: =$D14 -> 850 | JE14: =$E14 -> 7%-9% | JG14: =JF14*VLOOKUP(JC14,$B$157:$C$159,2,FALSE) -> 0 | JJ14: =IF(JF14="","",IF(JG14>0.069999,"",((8-ROUND(JG14*100,1))*0.01)*JD14)) | JK14: =IF(JJ14="","",JJ14*0.264172) | JM14: =IF(JJ14="",IF(JG14=0,"",JG14),"") | JN14: =$B14 -> 100B-L1 | JO14: =$C14 -> GTS-120 | JP14: =$D14 -> 850 | JQ14: =$E14 -> 7%-9% | JS14: =JR14*VLOOKUP(JO14,$B$157:$C$159,2,FALSE) -> 0 | JV14: =IF(JR14="","",IF(JS14>0.069999,"",((8-ROUND(JS14*100,1))*0.01)*JP14)) | JW14: =IF(JV14="","",JV14*0.264172) | JY14: =IF(JV14="",IF(JS14=0,"",JS14),"") | JZ14: =$B14 -> 100B-L1 | KA14: =$C14 -> GTS-120 | KB14: =$D14 -> 850 | KC14: =$E14 -> 7%-9% | KE14: =KD14*VLOOKUP(KA14,$B$157:$C$159,2,FALSE) -> 0 | KH14: =IF(KD14="","",IF(KE14>0.069999,"",((8-ROUND(KE14*100,1))*0.01)*KB14)) | KI14: =IF(KH14="","",KH14*0.264172) | KK14: =IF(KH14="",IF(KE14=0,"",KE14),"") | KL14: =$B14 -> 100B-L1 | KM14: =$C14 -> GTS-120 | KN14: =$D14 -> 850 | KO14: =$E14 -> 7%-9% | KQ14: =KP14*VLOOKUP(KM14,$B$157:$C$159,2,FALSE) -> 0 | KT14: =IF(KP14="","",IF(KQ14>0.069999,"",((8-ROUND(KQ14*100,1))*0.01)*KN14)) | KU14: =IF(KT14="","",KT14*0.264172) | KW14: =IF(KT14="",IF(KQ14=0,"",KQ14),"") | KX14: =SUM(IY14,JK14,JW14,KI14,KU14) -> 0 | KY14: =IZ14&JL14&JX14&KJ14&KV14
A15: MWTH-1 | B15: 10-L3 | C15: =VLOOKUP($B15,'OP Info'!$C$4:$J$62,4,FALSE) -> GTS-120 | D15: =VLOOKUP($B15,'OP Info'!$C$4:$J$62,3,FALSE) -> 575 | E15: =CONCATENATE(VLOOKUP($B15,'OP Info'!$C$4:$J$62,5,FALSE),"%-",VLOOKUP($B15,'OP Info'!$C$4:$J$62,6,FALSE),"%") -> 5%-7% | G15: =F15*VLOOKUP(C15,$B$157:$C$159,2,FALSE) -> 0 | J15: =IF(F15="","",IF(G15>0.049999,"",((6-ROUND(G15*100,1))*0.01)*D15)) | K15: =IF(J15="","",J15*0.264172) | M15: =IF(J15="",IF(G15=0,"",G15),"") | N15: =$B15 -> 10-L3 | O15: =$C15 -> GTS-120 | P15: =$D15 -> 575 | Q15: =$E15 -> 5%-7% | S15: =R15*VLOOKUP(O15,$B$157:$C$159,2,FALSE) -> 0 | V15: =IF(R15="","",IF(S15>0.049999,"",((6-ROUND(S15*100,1))*0.01)*P15)) | W15: =IF(V15="","",V15*0.264172) | Y15: =IF(V15="",IF(S15=0,"",S15),"") | Z15: =$B15 -> 10-L3 | AA15: =$C15 -> GTS-120 | AB15: =$D15 -> 575 | AC15: =$E15 -> 5%-7% | AE15: =AD15*VLOOKUP(AA15,$B$157:$C$159,2,FALSE) -> 0 | AH15: =IF(AD15="","",IF(AE15>0.049999,"",((6-ROUND(AE15*100,1))*0.01)*AB15)) | AI15: =IF(AH15="","",AH15*0.264172) | AK15: =IF(AH15="",IF(AE15=0,"",AE15),"") | AL15: =$B15 -> 10-L3 | AM15: =$C15 -> GTS-120 | AN15: =$D15 -> 575 | AO15: =$E15 -> 5%-7% | AQ15: =AP15*VLOOKUP(AM15,$B$157:$C$159,2,FALSE) -> 0 | AT15: =IF(AP15="","",IF(AQ15>0.049999,"",((6-ROUND(AQ15*100,1))*0.01)*AN15)) | AU15: =IF(AT15="","",AT15*0.264172) | AW15: =IF(AT15="",IF(AQ15=0,"",AQ15),"") | AX15: =$B15 -> 10-L3 | AY15: =$C15 -> GTS-120 | AZ15: =$D15 -> 575 | BA15: =$E15 -> 5%-7% | BC15: =BB15*VLOOKUP(AY15,$B$157:$C$159,2,FALSE) -> 0 | BF15: =IF(BB15="","",IF(BC15>0.049999,"",((6-ROUND(BC15*100,1))*0.01)*AZ15)) | BG15: =IF(BF15="","",BF15*0.264172) | BI15: =IF(BF15="",IF(BC15=0,"",BC15),"") | BJ15: =SUM(K15,W15,AI15,AU15,BG15) -> 0 | BK15: =L15&X15&AJ15&AV15&BH15 | BL15: =$B15 -> 10-L3 | BM15: =$C15 -> GTS-120 | BN15: =$D15 -> 575 | BO15: =$E15 -> 5%-7% | BQ15: =BP15*VLOOKUP(BM15,$B$157:$C$159,2,FALSE) -> 0 | BT15: =IF(BP15="","",IF(BQ15>0.049999,"",((6-ROUND(BQ15*100,1))*0.01)*BN15)) | BU15: =IF(BT15="","",BT15*0.264172) | BW15: =IF(BT15="",IF(BQ15=0,"",BQ15),"") | BX15: =$B15 -> 10-L3 | BY15: =$C15 -> GTS-120 | BZ15: =$D15 -> 575 | CA15: =$E15 -> 5%-7% | CC15: =CB15*VLOOKUP(BY15,$B$157:$C$159,2,FALSE) -> 0 | CF15: =IF(CB15="","",IF(CC15>0.049999,"",((6-ROUND(CC15*100,1))*0.01)*BZ15)) | CG15: =IF(CF15="","",CF15*0.264172) | CI15: =IF(CF15="",IF(CC15=0,"",CC15),"") | CJ15: =$B15 -> 10-L3 | CK15: =$C15 -> GTS-120 | CL15: =$D15 -> 575 | CM15: =$E15 -> 5%-7% | CO15: =CN15*VLOOKUP(CK15,$B$157:$C$159,2,FALSE) -> 0 | CR15: =IF(CN15="","",IF(CO15>0.049999,"",((6-ROUND(CO15*100,1))*0.01)*CL15)) | CS15: =IF(CR15="","",CR15*0.264172) | CU15: =IF(CR15="",IF(CO15=0,"",CO15),"") | CV15: =$B15 -> 10-L3 | CW15: =$C15 -> GTS-120 | CX15: =$D15 -> 575 | CY15: =$E15 -> 5%-7% | DA15: =CZ15*VLOOKUP(CW15,$B$157:$C$159,2,FALSE) -> 0 | DD15: =IF(CZ15="","",IF(DA15>0.049999,"",((6-ROUND(DA15*100,1))*0.01)*CX15)) | DE15: =IF(DD15="","",DD15*0.264172) | DG15: =IF(DD15="",IF(DA15=0,"",DA15),"") | DH15: =$B15 -> 10-L3 | DI15: =$C15 -> GTS-120 | DJ15: =$D15 -> 575 | DK15: =$E15 -> 5%-7% | DM15: =DL15*VLOOKUP(DI15,$B$157:$C$159,2,FALSE) -> 0 | DP15: =IF(DL15="","",IF(DM15>0.049999,"",((6-ROUND(DM15*100,1))*0.01)*DJ15)) | DQ15: =IF(DP15="","",DP15*0.264172) | DS15: =IF(DP15="",IF(DM15=0,"",DM15),"") | DT15: =SUM(BU15,CG15,CS15,DE15,DQ15) -> 0 | DU15: =BV15&CH15&CT15&DF15&DR15 | DV15: =$B15 -> 10-L3 | DW15: =$C15 -> GTS-120 | DX15: =$D15 -> 575 | DY15: =$E15 -> 5%-7% | EA15: =DZ15*VLOOKUP(DW15,$B$157:$C$159,2,FALSE) -> 0 | ED15: =IF(DZ15="","",IF(EA15>0.049999,"",((6-ROUND(EA15*100,1))*0.01)*DX15)) | EE15: =IF(ED15="","",ED15*0.264172) | EG15: =IF(ED15="",IF(EA15=0,"",EA15),"") | EH15: =$B15 -> 10-L3 | EI15: =$C15 -> GTS-120 | EJ15: =$D15 -> 575 | EK15: =$E15 -> 5%-7% | EM15: =EL15*VLOOKUP(EI15,$B$157:$C$159,2,FALSE) -> 0 | EP15: =IF(EL15="","",IF(EM15>0.049999,"",((6-ROUND(EM15*100,1))*0.01)*EJ15)) | EQ15: =IF(EP15="","",EP15*0.264172) | ES15: =IF(EP15="",IF(EM15=0,"",EM15),"") | ET15: =$B15 -> 10-L3 | EU15: =$C15 -> GTS-120 | EV15: =$D15 -> 575 | EW15: =$E15 -> 5%-7% | EY15: =EX15*VLOOKUP(EU15,$B$157:$C$159,2,FALSE) -> 0 | FB15: =IF(EX15="","",IF(EY15>0.049999,"",((6-ROUND(EY15*100,1))*0.01)*EV15)) | FC15: =IF(FB15="","",FB15*0.264172) | FE15: =IF(FB15="",IF(EY15=0,"",EY15),"") | FF15: =$B15 -> 10-L3 | FG15: =$C15 -> GTS-120 | FH15: =$D15 -> 575 | FI15: =$E15 -> 5%-7% | FK15: =FJ15*VLOOKUP(FG15,$B$157:$C$159,2,FALSE) -> 0 | FN15: =IF(FJ15="","",IF(FK15>0.049999,"",((6-ROUND(FK15*100,1))*0.01)*FH15)) | FO15: =IF(FN15="","",FN15*0.264172) | FQ15: =IF(FN15="",IF(FK15=0,"",FK15),"") | FR15: =$B15 -> 10-L3 | FS15: =$C15 -> GTS-120 | FT15: =$D15 -> 575 | FU15: =$E15 -> 5%-7% | FW15: =FV15*VLOOKUP(FS15,$B$157:$C$159,2,FALSE) -> 0 | FZ15: =IF(FV15="","",IF(FW15>0.049999,"",((6-ROUND(FW15*100,1))*0.01)*FT15)) | GA15: =IF(FZ15="","",FZ15*0.264172) | GC15: =IF(FZ15="",IF(FW15=0,"",FW15),"") | GD15: =SUM(EE15,EQ15,FC15,FO15,GA15) -> 0 | GE15: =EF15&ER15&FD15&FP15&GB15 | GF15: =$B15 -> 10-L3 | GG15: =$C15 -> GTS-120 | GH15: =$D15 -> 575 | GI15: =$E15 -> 5%-7% | GK15: =GJ15*VLOOKUP(GG15,$B$157:$C$159,2,FALSE) -> 0 | GN15: =IF(GJ15="","",IF(GK15>0.049999,"",((6-ROUND(GK15*100,1))*0.01)*GH15)) | GO15: =IF(GN15="","",GN15*0.264172) | GQ15: =IF(GN15="",IF(GK15=0,"",GK15),"") | GR15: =$B15 -> 10-L3 | GS15: =$C15 -> GTS-120 | GT15: =$D15 -> 575 | GU15: =$E15 -> 5%-7% | GW15: =GV15*VLOOKUP(GS15,$B$157:$C$159,2,FALSE) -> 0 | GZ15: =IF(GV15="","",IF(GW15>0.049999,"",((6-ROUND(GW15*100,1))*0.01)*GT15)) | HA15: =IF(GZ15="","",GZ15*0.264172) | HC15: =IF(GZ15="",IF(GW15=0,"",GW15),"") | HD15: =$B15 -> 10-L3 | HE15: =$C15 -> GTS-120 | HF15: =$D15 -> 575 | HG15: =$E15 -> 5%-7% | HI15: =HH15*VLOOKUP(HE15,$B$157:$C$159,2,FALSE) -> 0 | HL15: =IF(HH15="","",IF(HI15>0.049999,"",((6-ROUND(HI15*100,1))*0.01)*HF15)) | HM15: =IF(HL15="","",HL15*0.264172) | HO15: =IF(HL15="",IF(HI15=0,"",HI15),"") | HP15: =$B15 -> 10-L3 | HQ15: =$C15 -> GTS-120 | HR15: =$D15 -> 575 | HS15: =$E15 -> 5%-7% | HU15: =HT15*VLOOKUP(HQ15,$B$157:$C$159,2,FALSE) -> 0 | HX15: =IF(HT15="","",IF(HU15>0.049999,"",((6-ROUND(HU15*100,1))*0.01)*HR15)) | HY15: =IF(HX15="","",HX15*0.264172) | IA15: =IF(HX15="",IF(HU15=0,"",HU15),"") | IB15: =$B15 -> 10-L3 | IC15: =$C15 -> GTS-120 | ID15: =$D15 -> 575 | IE15: =$E15 -> 5%-7% | IG15: =IF15*VLOOKUP(IC15,$B$157:$C$159,2,FALSE) -> 0 | IJ15: =IF(IF15="","",IF(IG15>0.049999,"",((6-ROUND(IG15*100,1))*0.01)*ID15)) | IK15: =IF(IJ15="","",IJ15*0.264172) | IM15: =IF(IJ15="",IF(IG15=0,"",IG15),"") | IN15: =SUM(GO15,HA15,HM15,HY15,IK15) -> 0 | IO15: =GP15&HB15&HN15&HZ15&IL15 | IP15: =$B15 -> 10-L3 | IQ15: =$C15 -> GTS-120 | IR15: =$D15 -> 575 | IS15: =$E15 -> 5%-7% | IU15: =IT15*VLOOKUP(IQ15,$B$157:$C$159,2,FALSE) -> 0 | IX15: =IF(IT15="","",IF(IU15>0.049999,"",((6-ROUND(IU15*100,1))*0.01)*IR15)) | IY15: =IF(IX15="","",IX15*0.264172) | JA15: =IF(IX15="",IF(IU15=0,"",IU15),"") | JB15: =$B15 -> 10-L3 | JC15: =$C15 -> GTS-120 | JD15: =$D15 -> 575 | JE15: =$E15 -> 5%-7% | JG15: =JF15*VLOOKUP(JC15,$B$157:$C$159,2,FALSE) -> 0 | JJ15: =IF(JF15="","",IF(JG15>0.049999,"",((6-ROUND(JG15*100,1))*0.01)*JD15)) | JK15: =IF(JJ15="","",JJ15*0.264172) | JM15: =IF(JJ15="",IF(JG15=0,"",JG15),"") | JN15: =$B15 -> 10-L3 | JO15: =$C15 -> GTS-120 | JP15: =$D15 -> 575 | JQ15: =$E15 -> 5%-7% | JS15: =JR15*VLOOKUP(JO15,$B$157:$C$159,2,FALSE) -> 0 | JV15: =IF(JR15="","",IF(JS15>0.049999,"",((6-ROUND(JS15*100,1))*0.01)*JP15)) | JW15: =IF(JV15="","",JV15*0.264172) | JY15: =IF(JV15="",IF(JS15=0,"",JS15),"") | JZ15: =$B15 -> 10-L3 | KA15: =$C15 -> GTS-120 | KB15: =$D15 -> 575 | KC15: =$E15 -> 5%-7% | KE15: =KD15*VLOOKUP(KA15,$B$157:$C$159,2,FALSE) -> 0 | KH15: =IF(KD15="","",IF(KE15>0.049999,"",((6-ROUND(KE15*100,1))*0.01)*KB15)) | KI15: =IF(KH15="","",KH15*0.264172) | KK15: =IF(KH15="",IF(KE15=0,"",KE15),"") | KL15: =$B15 -> 10-L3 | KM15: =$C15 -> GTS-120 | KN15: =$D15 -> 575 | KO15: =$E15 -> 5%-7% | KQ15: =KP15*VLOOKUP(KM15,$B$157:$C$159,2,FALSE) -> 0 | KT15: =IF(KP15="","",IF(KQ15>0.049999,"",((6-ROUND(KQ15*100,1))*0.01)*KN15)) | KU15: =IF(KT15="","",KT15*0.264172) | KW15: =IF(KT15="",IF(KQ15=0,"",KQ15),"") | KX15: =SUM(IY15,JK15,JW15,KI15,KU15) -> 0 | KY15: =IZ15&JL15&JX15&KJ15&KV15
A16: MWTH-1 | B16: 20-L3 | C16: =VLOOKUP($B16,'OP Info'!$C$4:$J$62,4,FALSE) -> GTS-120 | D16: =VLOOKUP($B16,'OP Info'!$C$4:$J$62,3,FALSE) -> 630 | E16: =CONCATENATE(VLOOKUP($B16,'OP Info'!$C$4:$J$62,5,FALSE),"%-",VLOOKUP($B16,'OP Info'!$C$4:$J$62,6,FALSE),"%") -> 5%-7% | G16: =F16*VLOOKUP(C16,$B$157:$C$159,2,FALSE) -> 0 | J16: =IF(F16="","",IF(G16>0.049999,"",((6-ROUND(G16*100,1))*0.01)*D16)) | K16: =IF(J16="","",J16*0.264172) | M16: =IF(J16="",IF(G16=0,"",G16),"") | N16: =$B16 -> 20-L3 | O16: =$C16 -> GTS-120 | P16: =$D16 -> 630 | Q16: =$E16 -> 5%-7% | S16: =R16*VLOOKUP(O16,$B$157:$C$159,2,FALSE) -> 0 | V16: =IF(R16="","",IF(S16>0.049999,"",((6-ROUND(S16*100,1))*0.01)*P16)) | W16: =IF(V16="","",V16*0.264172) | Y16: =IF(V16="",IF(S16=0,"",S16),"") | Z16: =$B16 -> 20-L3 | AA16: =$C16 -> GTS-120 | AB16: =$D16 -> 630 | AC16: =$E16 -> 5%-7% | AE16: =AD16*VLOOKUP(AA16,$B$157:$C$159,2,FALSE) -> 0 | AH16: =IF(AD16="","",IF(AE16>0.049999,"",((6-ROUND(AE16*100,1))*0.01)*AB16)) | AI16: =IF(AH16="","",AH16*0.264172) | AK16: =IF(AH16="",IF(AE16=0,"",AE16),"") | AL16: =$B16 -> 20-L3 | AM16: =$C16 -> GTS-120 | AN16: =$D16 -> 630 | AO16: =$E16 -> 5%-7% | AQ16: =AP16*VLOOKUP(AM16,$B$157:$C$159,2,FALSE) -> 0 | AT16: =IF(AP16="","",IF(AQ16>0.049999,"",((6-ROUND(AQ16*100,1))*0.01)*AN16)) | AU16: =IF(AT16="","",AT16*0.264172) | AW16: =IF(AT16="",IF(AQ16=0,"",AQ16),"") | AX16: =$B16 -> 20-L3 | AY16: =$C16 -> GTS-120 | AZ16: =$D16 -> 630 | BA16: =$E16 -> 5%-7% | BC16: =BB16*VLOOKUP(AY16,$B$157:$C$159,2,FALSE) -> 0 | BF16: =IF(BB16="","",IF(BC16>0.049999,"",((6-ROUND(BC16*100,1))*0.01)*AZ16)) | BG16: =IF(BF16="","",BF16*0.264172) | BI16: =IF(BF16="",IF(BC16=0,"",BC16),"") | BJ16: =SUM(K16,W16,AI16,AU16,BG16) -> 0 | BK16: =L16&X16&AJ16&AV16&BH16 | BL16: =$B16 -> 20-L3 | BM16: =$C16 -> GTS-120 | BN16: =$D16 -> 630 | BO16: =$E16 -> 5%-7% | BQ16: =BP16*VLOOKUP(BM16,$B$157:$C$159,2,FALSE) -> 0 | BT16: =IF(BP16="","",IF(BQ16>0.049999,"",((6-ROUND(BQ16*100,1))*0.01)*BN16)) | BU16: =IF(BT16="","",BT16*0.264172) | BW16: =IF(BT16="",IF(BQ16=0,"",BQ16),"") | BX16: =$B16 -> 20-L3 | BY16: =$C16 -> GTS-120 | BZ16: =$D16 -> 630 | CA16: =$E16 -> 5%-7% | CC16: =CB16*VLOOKUP(BY16,$B$157:$C$159,2,FALSE) -> 0 | CF16: =IF(CB16="","",IF(CC16>0.049999,"",((6-ROUND(CC16*100,1))*0.01)*BZ16)) | CG16: =IF(CF16="","",CF16*0.264172) | CI16: =IF(CF16="",IF(CC16=0,"",CC16),"") | CJ16: =$B16 -> 20-L3 | CK16: =$C16 -> GTS-120 | CL16: =$D16 -> 630 | CM16: =$E16 -> 5%-7% | CO16: =CN16*VLOOKUP(CK16,$B$157:$C$159,2,FALSE) -> 0 | CR16: =IF(CN16="","",IF(CO16>0.049999,"",((6-ROUND(CO16*100,1))*0.01)*CL16)) | CS16: =IF(CR16="","",CR16*0.264172) | CU16: =IF(CR16="",IF(CO16=0,"",CO16),"") | CV16: =$B16 -> 20-L3 | CW16: =$C16 -> GTS-120 | CX16: =$D16 -> 630 | CY16: =$E16 -> 5%-7% | DA16: =CZ16*VLOOKUP(CW16,$B$157:$C$159,2,FALSE) -> 0 | DD16: =IF(CZ16="","",IF(DA16>0.049999,"",((6-ROUND(DA16*100,1))*0.01)*CX16)) | DE16: =IF(DD16="","",DD16*0.264172) | DG16: =IF(DD16="",IF(DA16=0,"",DA16),"") | DH16: =$B16 -> 20-L3 | DI16: =$C16 -> GTS-120 | DJ16: =$D16 -> 630 | DK16: =$E16 -> 5%-7% | DM16: =DL16*VLOOKUP(DI16,$B$157:$C$159,2,FALSE) -> 0 | DP16: =IF(DL16="","",IF(DM16>0.049999,"",((6-ROUND(DM16*100,1))*0.01)*DJ16)) | DQ16: =IF(DP16="","",DP16*0.264172) | DS16: =IF(DP16="",IF(DM16=0,"",DM16),"") | DT16: =SUM(BU16,CG16,CS16,DE16,DQ16) -> 0 | DU16: =BV16&CH16&CT16&DF16&DR16 | DV16: =$B16 -> 20-L3 | DW16: =$C16 -> GTS-120 | DX16: =$D16 -> 630 | DY16: =$E16 -> 5%-7% | EA16: =DZ16*VLOOKUP(DW16,$B$157:$C$159,2,FALSE) -> 0 | ED16: =IF(DZ16="","",IF(EA16>0.049999,"",((6-ROUND(EA16*100,1))*0.01)*DX16)) | EE16: =IF(ED16="","",ED16*0.264172) | EG16: =IF(ED16="",IF(EA16=0,"",EA16),"") | EH16: =$B16 -> 20-L3 | EI16: =$C16 -> GTS-120 | EJ16: =$D16 -> 630 | EK16: =$E16 -> 5%-7% | EM16: =EL16*VLOOKUP(EI16,$B$157:$C$159,2,FALSE) -> 0 | EP16: =IF(EL16="","",IF(EM16>0.049999,"",((6-ROUND(EM16*100,1))*0.01)*EJ16)) | EQ16: =IF(EP16="","",EP16*0.264172) | ES16: =IF(EP16="",IF(EM16=0,"",EM16),"") | ET16: =$B16 -> 20-L3 | EU16: =$C16 -> GTS-120 | EV16: =$D16 -> 630 | EW16: =$E16 -> 5%-7% | EY16: =EX16*VLOOKUP(EU16,$B$157:$C$159,2,FALSE) -> 0 | FB16: =IF(EX16="","",IF(EY16>0.049999,"",((6-ROUND(EY16*100,1))*0.01)*EV16)) | FC16: =IF(FB16="","",FB16*0.264172) | FE16: =IF(FB16="",IF(EY16=0,"",EY16),"") | FF16: =$B16 -> 20-L3 | FG16: =$C16 -> GTS-120 | FH16: =$D16 -> 630 | FI16: =$E16 -> 5%-7% | FK16: =FJ16*VLOOKUP(FG16,$B$157:$C$159,2,FALSE) -> 0 | FN16: =IF(FJ16="","",IF(FK16>0.049999,"",((6-ROUND(FK16*100,1))*0.01)*FH16)) | FO16: =IF(FN16="","",FN16*0.264172) | FQ16: =IF(FN16="",IF(FK16=0,"",FK16),"") | FR16: =$B16 -> 20-L3 | FS16: =$C16 -> GTS-120 | FT16: =$D16 -> 630 | FU16: =$E16 -> 5%-7% | FW16: =FV16*VLOOKUP(FS16,$B$157:$C$159,2,FALSE) -> 0 | FZ16: =IF(FV16="","",IF(FW16>0.049999,"",((6-ROUND(FW16*100,1))*0.01)*FT16)) | GA16: =IF(FZ16="","",FZ16*0.264172) | GC16: =IF(FZ16="",IF(FW16=0,"",FW16),"") | GD16: =SUM(EE16,EQ16,FC16,FO16,GA16) -> 0 | GE16: =EF16&ER16&FD16&FP16&GB16 | GF16: =$B16 -> 20-L3 | GG16: =$C16 -> GTS-120 | GH16: =$D16 -> 630 | GI16: =$E16 -> 5%-7% | GK16: =GJ16*VLOOKUP(GG16,$B$157:$C$159,2,FALSE) -> 0 | GN16: =IF(GJ16="","",IF(GK16>0.049999,"",((6-ROUND(GK16*100,1))*0.01)*GH16)) | GO16: =IF(GN16="","",GN16*0.264172) | GQ16: =IF(GN16="",IF(GK16=0,"",GK16),"") | GR16: =$B16 -> 20-L3 | GS16: =$C16 -> GTS-120 | GT16: =$D16 -> 630 | GU16: =$E16 -> 5%-7% | GW16: =GV16*VLOOKUP(GS16,$B$157:$C$159,2,FALSE) -> 0 | GZ16: =IF(GV16="","",IF(GW16>0.049999,"",((6-ROUND(GW16*100,1))*0.01)*GT16)) | HA16: =IF(GZ16="","",GZ16*0.264172) | HC16: =IF(GZ16="",IF(GW16=0,"",GW16),"") | HD16: =$B16 -> 20-L3 | HE16: =$C16 -> GTS-120 | HF16: =$D16 -> 630 | HG16: =$E16 -> 5%-7% | HI16: =HH16*VLOOKUP(HE16,$B$157:$C$159,2,FALSE) -> 0 | HL16: =IF(HH16="","",IF(HI16>0.049999,"",((6-ROUND(HI16*100,1))*0.01)*HF16)) | HM16: =IF(HL16="","",HL16*0.264172) | HO16: =IF(HL16="",IF(HI16=0,"",HI16),"") | HP16: =$B16 -> 20-L3 | HQ16: =$C16 -> GTS-120 | HR16: =$D16 -> 630 | HS16: =$E16 -> 5%-7% | HU16: =HT16*VLOOKUP(HQ16,$B$157:$C$159,2,FALSE) -> 0 | HX16: =IF(HT16="","",IF(HU16>0.049999,"",((6-ROUND(HU16*100,1))*0.01)*HR16)) | HY16: =IF(HX16="","",HX16*0.264172) | IA16: =IF(HX16="",IF(HU16=0,"",HU16),"") | IB16: =$B16 -> 20-L3 | IC16: =$C16 -> GTS-120 | ID16: =$D16 -> 630 | IE16: =$E16 -> 5%-7% | IG16: =IF16*VLOOKUP(IC16,$B$157:$C$159,2,FALSE) -> 0 | IJ16: =IF(IF16="","",IF(IG16>0.049999,"",((6-ROUND(IG16*100,1))*0.01)*ID16)) | IK16: =IF(IJ16="","",IJ16*0.264172) | IM16: =IF(IJ16="",IF(IG16=0,"",IG16),"") | IN16: =SUM(GO16,HA16,HM16,HY16,IK16) -> 0 | IO16: =GP16&HB16&HN16&HZ16&IL16 | IP16: =$B16 -> 20-L3 | IQ16: =$C16 -> GTS-120 | IR16: =$D16 -> 630 | IS16: =$E16 -> 5%-7% | IU16: =IT16*VLOOKUP(IQ16,$B$157:$C$159,2,FALSE) -> 0 | IX16: =IF(IT16="","",IF(IU16>0.049999,"",((6-ROUND(IU16*100,1))*0.01)*IR16)) | IY16: =IF(IX16="","",IX16*0.264172) | JA16: =IF(IX16="",IF(IU16=0,"",IU16),"") | JB16: =$B16 -> 20-L3 | JC16: =$C16 -> GTS-120 | JD16: =$D16 -> 630 | JE16: =$E16 -> 5%-7% | JG16: =JF16*VLOOKUP(JC16,$B$157:$C$159,2,FALSE) -> 0 | JJ16: =IF(JF16="","",IF(JG16>0.049999,"",((6-ROUND(JG16*100,1))*0.01)*JD16)) | JK16: =IF(JJ16="","",JJ16*0.264172) | JM16: =IF(JJ16="",IF(JG16=0,"",JG16),"") | JN16: =$B16 -> 20-L3 | JO16: =$C16 -> GTS-120 | JP16: =$D16 -> 630 | JQ16: =$E16 -> 5%-7% | JS16: =JR16*VLOOKUP(JO16,$B$157:$C$159,2,FALSE) -> 0 | JV16: =IF(JR16="","",IF(JS16>0.049999,"",((6-ROUND(JS16*100,1))*0.01)*JP16)) | JW16: =IF(JV16="","",JV16*0.264172) | JY16: =IF(JV16="",IF(JS16=0,"",JS16),"") | JZ16: =$B16 -> 20-L3 | KA16: =$C16 -> GTS-120 | KB16: =$D16 -> 630 | KC16: =$E16 -> 5%-7% | KE16: =KD16*VLOOKUP(KA16,$B$157:$C$159,2,FALSE) -> 0 | KH16: =IF(KD16="","",IF(KE16>0.049999,"",((6-ROUND(KE16*100,1))*0.01)*KB16)) | KI16: =IF(KH16="","",KH16*0.264172) | KK16: =IF(KH16="",IF(KE16=0,"",KE16),"") | KL16: =$B16 -> 20-L3 | KM16: =$C16 -> GTS-120 | KN16: =$D16 -> 630 | KO16: =$E16 -> 5%-7% | KQ16: =KP16*VLOOKUP(KM16,$B$157:$C$159,2,FALSE) -> 0 | KT16: =IF(KP16="","",IF(KQ16>0.049999,"",((6-ROUND(KQ16*100,1))*0.01)*KN16)) | KU16: =IF(KT16="","",KT16*0.264172) | KW16: =IF(KT16="",IF(KQ16=0,"",KQ16),"") | KX16: =SUM(IY16,JK16,JW16,KI16,KU16) -> 0 | KY16: =IZ16&JL16&JX16&KJ16&KV16
A17: MWTH-1 | B17: 30-L3 | C17: =VLOOKUP($B17,'OP Info'!$C$4:$J$62,4,FALSE) -> GTS-120 | D17: =VLOOKUP($B17,'OP Info'!$C$4:$J$62,3,FALSE) -> 630 | E17: =CONCATENATE(VLOOKUP($B17,'OP Info'!$C$4:$J$62,5,FALSE),"%-",VLOOKUP($B17,'OP Info'!$C$4:$J$62,6,FALSE),"%") -> 5%-7% | G17: =F17*VLOOKUP(C17,$B$157:$C$159,2,FALSE) -> 0 | J17: =IF(F17="","",IF(G17>0.049999,"",((6-ROUND(G17*100,1))*0.01)*D17)) | K17: =IF(J17="","",J17*0.264172) | M17: =IF(J17="",IF(G17=0,"",G17),"") | N17: =$B17 -> 30-L3 | O17: =$C17 -> GTS-120 | P17: =$D17 -> 630 | Q17: =$E17 -> 5%-7% | S17: =R17*VLOOKUP(O17,$B$157:$C$159,2,FALSE) -> 0 | V17: =IF(R17="","",IF(S17>0.049999,"",((6-ROUND(S17*100,1))*0.01)*P17)) | W17: =IF(V17="","",V17*0.264172) | Y17: =IF(V17="",IF(S17=0,"",S17),"") | Z17: =$B17 -> 30-L3 | AA17: =$C17 -> GTS-120 | AB17: =$D17 -> 630 | AC17: =$E17 -> 5%-7% | AE17: =AD17*VLOOKUP(AA17,$B$157:$C$159,2,FALSE) -> 0 | AH17: =IF(AD17="","",IF(AE17>0.049999,"",((6-ROUND(AE17*100,1))*0.01)*AB17)) | AI17: =IF(AH17="","",AH17*0.264172) | AK17: =IF(AH17="",IF(AE17=0,"",AE17),"") | AL17: =$B17 -> 30-L3 | AM17: =$C17 -> GTS-120 | AN17: =$D17 -> 630 | AO17: =$E17 -> 5%-7% | AQ17: =AP17*VLOOKUP(AM17,$B$157:$C$159,2,FALSE) -> 0 | AT17: =IF(AP17="","",IF(AQ17>0.049999,"",((6-ROUND(AQ17*100,1))*0.01)*AN17)) | AU17: =IF(AT17="","",AT17*0.264172) | AW17: =IF(AT17="",IF(AQ17=0,"",AQ17),"") | AX17: =$B17 -> 30-L3 | AY17: =$C17 -> GTS-120 | AZ17: =$D17 -> 630 | BA17: =$E17 -> 5%-7% | BC17: =BB17*VLOOKUP(AY17,$B$157:$C$159,2,FALSE) -> 0 | BF17: =IF(BB17="","",IF(BC17>0.049999,"",((6-ROUND(BC17*100,1))*0.01)*AZ17)) | BG17: =IF(BF17="","",BF17*0.264172) | BI17: =IF(BF17="",IF(BC17=0,"",BC17),"") | BJ17: =SUM(K17,W17,AI17,AU17,BG17) -> 0 | BK17: =L17&X17&AJ17&AV17&BH17 | BL17: =$B17 -> 30-L3 | BM17: =$C17 -> GTS-120 | BN17: =$D17 -> 630 | BO17: =$E17 -> 5%-7% | BQ17: =BP17*VLOOKUP(BM17,$B$157:$C$159,2,FALSE) -> 0 | BT17: =IF(BP17="","",IF(BQ17>0.049999,"",((6-ROUND(BQ17*100,1))*0.01)*BN17)) | BU17: =IF(BT17="","",BT17*0.264172) | BW17: =IF(BT17="",IF(BQ17=0,"",BQ17),"") | BX17: =$B17 -> 30-L3 | BY17: =$C17 -> GTS-120 | BZ17: =$D17 -> 630 | CA17: =$E17 -> 5%-7% | CC17: =CB17*VLOOKUP(BY17,$B$157:$C$159,2,FALSE) -> 0 | CF17: =IF(CB17="","",IF(CC17>0.049999,"",((6-ROUND(CC17*100,1))*0.01)*BZ17)) | CG17: =IF(CF17="","",CF17*0.264172) | CI17: =IF(CF17="",IF(CC17=0,"",CC17),"") | CJ17: =$B17 -> 30-L3 | CK17: =$C17 -> GTS-120 | CL17: =$D17 -> 630 | CM17: =$E17 -> 5%-7% | CO17: =CN17*VLOOKUP(CK17,$B$157:$C$159,2,FALSE) -> 0 | CR17: =IF(CN17="","",IF(CO17>0.049999,"",((6-ROUND(CO17*100,1))*0.01)*CL17)) | CS17: =IF(CR17="","",CR17*0.264172) | CU17: =IF(CR17="",IF(CO17=0,"",CO17),"") | CV17: =$B17 -> 30-L3 | CW17: =$C17 -> GTS-120 | CX17: =$D17 -> 630 | CY17: =$E17 -> 5%-7% | DA17: =CZ17*VLOOKUP(CW17,$B$157:$C$159,2,FALSE) -> 0 | DD17: =IF(CZ17="","",IF(DA17>0.049999,"",((6-ROUND(DA17*100,1))*0.01)*CX17)) | DE17: =IF(DD17="","",DD17*0.264172) | DG17: =IF(DD17="",IF(DA17=0,"",DA17),"") | DH17: =$B17 -> 30-L3 | DI17: =$C17 -> GTS-120 | DJ17: =$D17 -> 630 | DK17: =$E17 -> 5%-7% | DM17: =DL17*VLOOKUP(DI17,$B$157:$C$159,2,FALSE) -> 0 | DP17: =IF(DL17="","",IF(DM17>0.049999,"",((6-ROUND(DM17*100,1))*0.01)*DJ17)) | DQ17: =IF(DP17="","",DP17*0.264172) | DS17: =IF(DP17="",IF(DM17=0,"",DM17),"") | DT17: =SUM(BU17,CG17,CS17,DE17,DQ17) -> 0 | DU17: =BV17&CH17&CT17&DF17&DR17 | DV17: =$B17 -> 30-L3 | DW17: =$C17 -> GTS-120 | DX17: =$D17 -> 630 | DY17: =$E17 -> 5%-7% | EA17: =DZ17*VLOOKUP(DW17,$B$157:$C$159,2,FALSE) -> 0 | ED17: =IF(DZ17="","",IF(EA17>0.049999,"",((6-ROUND(EA17*100,1))*0.01)*DX17)) | EE17: =IF(ED17="","",ED17*0.264172) | EG17: =IF(ED17="",IF(EA17=0,"",EA17),"") | EH17: =$B17 -> 30-L3 | EI17: =$C17 -> GTS-120 | EJ17: =$D17 -> 630 | EK17: =$E17 -> 5%-7% | EM17: =EL17*VLOOKUP(EI17,$B$157:$C$159,2,FALSE) -> 0 | EP17: =IF(EL17="","",IF(EM17>0.049999,"",((6-ROUND(EM17*100,1))*0.01)*EJ17)) | EQ17: =IF(EP17="","",EP17*0.264172) | ES17: =IF(EP17="",IF(EM17=0,"",EM17),"") | ET17: =$B17 -> 30-L3 | EU17: =$C17 -> GTS-120 | EV17: =$D17 -> 630 | EW17: =$E17 -> 5%-7% | EY17: =EX17*VLOOKUP(EU17,$B$157:$C$159,2,FALSE) -> 0 | FB17: =IF(EX17="","",IF(EY17>0.049999,"",((6-ROUND(EY17*100,1))*0.01)*EV17)) | FC17: =IF(FB17="","",FB17*0.264172) | FE17: =IF(FB17="",IF(EY17=0,"",EY17),"") | FF17: =$B17 -> 30-L3 | FG17: =$C17 -> GTS-120 | FH17: =$D17 -> 630 | FI17: =$E17 -> 5%-7% | FK17: =FJ17*VLOOKUP(FG17,$B$157:$C$159,2,FALSE) -> 0 | FN17: =IF(FJ17="","",IF(FK17>0.049999,"",((6-ROUND(FK17*100,1))*0.01)*FH17)) | FO17: =IF(FN17="","",FN17*0.264172) | FQ17: =IF(FN17="",IF(FK17=0,"",FK17),"") | FR17: =$B17 -> 30-L3 | FS17: =$C17 -> GTS-120 | FT17: =$D17 -> 630 | FU17: =$E17 -> 5%-7% | FW17: =FV17*VLOOKUP(FS17,$B$157:$C$159,2,FALSE) -> 0 | FZ17: =IF(FV17="","",IF(FW17>0.049999,"",((6-ROUND(FW17*100,1))*0.01)*FT17)) | GA17: =IF(FZ17="","",FZ17*0.264172) | GC17: =IF(FZ17="",IF(FW17=0,"",FW17),"") | GD17: =SUM(EE17,EQ17,FC17,FO17,GA17) -> 0 | GE17: =EF17&ER17&FD17&FP17&GB17 | GF17: =$B17 -> 30-L3 | GG17: =$C17 -> GTS-120 | GH17: =$D17 -> 630 | GI17: =$E17 -> 5%-7% | GK17: =GJ17*VLOOKUP(GG17,$B$157:$C$159,2,FALSE) -> 0 | GN17: =IF(GJ17="","",IF(GK17>0.049999,"",((6-ROUND(GK17*100,1))*0.01)*GH17)) | GO17: =IF(GN17="","",GN17*0.264172) | GQ17: =IF(GN17="",IF(GK17=0,"",GK17),"") | GR17: =$B17 -> 30-L3 | GS17: =$C17 -> GTS-120 | GT17: =$D17 -> 630 | GU17: =$E17 -> 5%-7% | GW17: =GV17*VLOOKUP(GS17,$B$157:$C$159,2,FALSE) -> 0 | GZ17: =IF(GV17="","",IF(GW17>0.049999,"",((6-ROUND(GW17*100,1))*0.01)*GT17)) | HA17: =IF(GZ17="","",GZ17*0.264172) | HC17: =IF(GZ17="",IF(GW17=0,"",GW17),"") | HD17: =$B17 -> 30-L3 | HE17: =$C17 -> GTS-120 | HF17: =$D17 -> 630 | HG17: =$E17 -> 5%-7% | HI17: =HH17*VLOOKUP(HE17,$B$157:$C$159,2,FALSE) -> 0 | HL17: =IF(HH17="","",IF(HI17>0.049999,"",((6-ROUND(HI17*100,1))*0.01)*HF17)) | HM17: =IF(HL17="","",HL17*0.264172) | HO17: =IF(HL17="",IF(HI17=0,"",HI17),"") | HP17: =$B17 -> 30-L3 | HQ17: =$C17 -> GTS-120 | HR17: =$D17 -> 630 | HS17: =$E17 -> 5%-7% | HU17: =HT17*VLOOKUP(HQ17,$B$157:$C$159,2,FALSE) -> 0 | HX17: =IF(HT17="","",IF(HU17>0.049999,"",((6-ROUND(HU17*100,1))*0.01)*HR17)) | HY17: =IF(HX17="","",HX17*0.264172) | IA17: =IF(HX17="",IF(HU17=0,"",HU17),"") | IB17: =$B17 -> 30-L3 | IC17: =$C17 -> GTS-120 | ID17: =$D17 -> 630 | IE17: =$E17 -> 5%-7% | IG17: =IF17*VLOOKUP(IC17,$B$157:$C$159,2,FALSE) -> 0 | IJ17: =IF(IF17="","",IF(IG17>0.049999,"",((6-ROUND(IG17*100,1))*0.01)*ID17)) | IK17: =IF(IJ17="","",IJ17*0.264172) | IM17: =IF(IJ17="",IF(IG17=0,"",IG17),"") | IN17: =SUM(GO17,HA17,HM17,HY17,IK17) -> 0 | IO17: =GP17&HB17&HN17&HZ17&IL17 | IP17: =$B17 -> 30-L3 | IQ17: =$C17 -> GTS-120 | IR17: =$D17 -> 630 | IS17: =$E17 -> 5%-7% | IU17: =IT17*VLOOKUP(IQ17,$B$157:$C$159,2,FALSE) -> 0 | IX17: =IF(IT17="","",IF(IU17>0.049999,"",((6-ROUND(IU17*100,1))*0.01)*IR17)) | IY17: =IF(IX17="","",IX17*0.264172) | JA17: =IF(IX17="",IF(IU17=0,"",IU17),"") | JB17: =$B17 -> 30-L3 | JC17: =$C17 -> GTS-120 | JD17: =$D17 -> 630 | JE17: =$E17 -> 5%-7% | JG17: =JF17*VLOOKUP(JC17,$B$157:$C$159,2,FALSE) -> 0 | JJ17: =IF(JF17="","",IF(JG17>0.049999,"",((6-ROUND(JG17*100,1))*0.01)*JD17)) | JK17: =IF(JJ17="","",JJ17*0.264172) | JM17: =IF(JJ17="",IF(JG17=0,"",JG17),"") | JN17: =$B17 -> 30-L3 | JO17: =$C17 -> GTS-120 | JP17: =$D17 -> 630 | JQ17: =$E17 -> 5%-7% | JS17: =JR17*VLOOKUP(JO17,$B$157:$C$159,2,FALSE) -> 0 | JV17: =IF(JR17="","",IF(JS17>0.049999,"",((6-ROUND(JS17*100,1))*0.01)*JP17)) | JW17: =IF(JV17="","",JV17*0.264172) | JY17: =IF(JV17="",IF(JS17=0,"",JS17),"") | JZ17: =$B17 -> 30-L3 | KA17: =$C17 -> GTS-120 | KB17: =$D17 -> 630 | KC17: =$E17 -> 5%-7% | KE17: =KD17*VLOOKUP(KA17,$B$157:$C$159,2,FALSE) -> 0 | KH17: =IF(KD17="","",IF(KE17>0.049999,"",((6-ROUND(KE17*100,1))*0.01)*KB17)) | KI17: =IF(KH17="","",KH17*0.264172) | KK17: =IF(KH17="",IF(KE17=0,"",KE17),"") | KL17: =$B17 -> 30-L3 | KM17: =$C17 -> GTS-120 | KN17: =$D17 -> 630 | KO17: =$E17 -> 5%-7% | KQ17: =KP17*VLOOKUP(KM17,$B$157:$C$159,2,FALSE) -> 0 | KT17: =IF(KP17="","",IF(KQ17>0.049999,"",((6-ROUND(KQ17*100,1))*0.01)*KN17)) | KU17: =IF(KT17="","",KT17*0.264172) | KW17: =IF(KT17="",IF(KQ17=0,"",KQ17),"") | KX17: =SUM(IY17,JK17,JW17,KI17,KU17) -> 0 | KY17: =IZ17&JL17&JX17&KJ17&KV17
A18: MWTH-1 | B18: 50 A/B-L3 | C18: =VLOOKUP($B18,'OP Info'!$C$4:$J$62,4,FALSE) -> AQ-YB | D18: =VLOOKUP($B18,'OP Info'!$C$4:$J$62,3,FALSE) -> 3300 | E18: =CONCATENATE(VLOOKUP($B18,'OP Info'!$C$4:$J$62,5,FALSE),"%-",VLOOKUP($B18,'OP Info'!$C$4:$J$62,6,FALSE),"%") -> 5%-7% | G18: =F18*VLOOKUP(C18,$B$157:$C$159,2,FALSE) -> 0 | J18: =IF(F18="","",IF(G18>0.049999,"",((6-ROUND(G18*100,1))*0.01)*D18)) | K18: =IF(J18="","",J18*0.264172) | M18: =IF(J18="",IF(G18=0,"",G18),"") | N18: =$B18 -> 50 A/B-L3 | O18: =$C18 -> AQ-YB | P18: =$D18 -> 3300 | Q18: =$E18 -> 5%-7% | S18: =R18*VLOOKUP(O18,$B$157:$C$159,2,FALSE) -> 0 | V18: =IF(R18="","",IF(S18>0.049999,"",((6-ROUND(S18*100,1))*0.01)*P18)) | W18: =IF(V18="","",V18*0.264172) | Y18: =IF(V18="",IF(S18=0,"",S18),"") | Z18: =$B18 -> 50 A/B-L3 | AA18: =$C18 -> AQ-YB | AB18: =$D18 -> 3300 | AC18: =$E18 -> 5%-7% | AE18: =AD18*VLOOKUP(AA18,$B$157:$C$159,2,FALSE) -> 0 | AH18: =IF(AD18="","",IF(AE18>0.049999,"",((6-ROUND(AE18*100,1))*0.01)*AB18)) | AI18: =IF(AH18="","",AH18*0.264172) | AK18: =IF(AH18="",IF(AE18=0,"",AE18),"") | AL18: =$B18 -> 50 A/B-L3 | AM18: =$C18 -> AQ-YB | AN18: =$D18 -> 3300 | AO18: =$E18 -> 5%-7% | AQ18: =AP18*VLOOKUP(AM18,$B$157:$C$159,2,FALSE) -> 0 | AT18: =IF(AP18="","",IF(AQ18>0.049999,"",((6-ROUND(AQ18*100,1))*0.01)*AN18)) | AU18: =IF(AT18="","",AT18*0.264172) | AW18: =IF(AT18="",IF(AQ18=0,"",AQ18),"") | AX18: =$B18 -> 50 A/B-L3 | AY18: =$C18 -> AQ-YB | AZ18: =$D18 -> 3300 | BA18: =$E18 -> 5%-7% | BC18: =BB18*VLOOKUP(AY18,$B$157:$C$159,2,FALSE) -> 0 | BF18: =IF(BB18="","",IF(BC18>0.049999,"",((6-ROUND(BC18*100,1))*0.01)*AZ18)) | BG18: =IF(BF18="","",BF18*0.264172) | BI18: =IF(BF18="",IF(BC18=0,"",BC18),"") | BJ18: =SUM(K18,W18,AI18,AU18,BG18) -> 0 | BK18: =L18&X18&AJ18&AV18&BH18 | BL18: =$B18 -> 50 A/B-L3 | BM18: =$C18 -> AQ-YB | BN18: =$D18 -> 3300 | BO18: =$E18 -> 5%-7% | BQ18: =BP18*VLOOKUP(BM18,$B$157:$C$159,2,FALSE) -> 0 | BT18: =IF(BP18="","",IF(BQ18>0.049999,"",((6-ROUND(BQ18*100,1))*0.01)*BN18)) | BU18: =IF(BT18="","",BT18*0.264172) | BW18: =IF(BT18="",IF(BQ18=0,"",BQ18),"") | BX18: =$B18 -> 50 A/B-L3 | BY18: =$C18 -> AQ-YB | BZ18: =$D18 -> 3300 | CA18: =$E18 -> 5%-7% | CC18: =CB18*VLOOKUP(BY18,$B$157:$C$159,2,FALSE) -> 0 | CF18: =IF(CB18="","",IF(CC18>0.049999,"",((6-ROUND(CC18*100,1))*0.01)*BZ18)) | CG18: =IF(CF18="","",CF18*0.264172) | CI18: =IF(CF18="",IF(CC18=0,"",CC18),"") | CJ18: =$B18 -> 50 A/B-L3 | CK18: =$C18 -> AQ-YB | CL18: =$D18 -> 3300 | CM18: =$E18 -> 5%-7% | CO18: =CN18*VLOOKUP(CK18,$B$157:$C$159,2,FALSE) -> 0 | CR18: =IF(CN18="","",IF(CO18>0.049999,"",((6-ROUND(CO18*100,1))*0.01)*CL18)) | CS18: =IF(CR18="","",CR18*0.264172) | CU18: =IF(CR18="",IF(CO18=0,"",CO18),"") | CV18: =$B18 -> 50 A/B-L3 | CW18: =$C18 -> AQ-YB | CX18: =$D18 -> 3300 | CY18: =$E18 -> 5%-7% | DA18: =CZ18*VLOOKUP(CW18,$B$157:$C$159,2,FALSE) -> 0 | DD18: =IF(CZ18="","",IF(DA18>0.049999,"",((6-ROUND(DA18*100,1))*0.01)*CX18)) | DE18: =IF(DD18="","",DD18*0.264172) | DG18: =IF(DD18="",IF(DA18=0,"",DA18),"") | DH18: =$B18 -> 50 A/B-L3 | DI18: =$C18 -> AQ-YB | DJ18: =$D18 -> 3300 | DK18: =$E18 -> 5%-7% | DM18: =DL18*VLOOKUP(DI18,$B$157:$C$159,2,FALSE) -> 0 | DP18: =IF(DL18="","",IF(DM18>0.049999,"",((6-ROUND(DM18*100,1))*0.01)*DJ18)) | DQ18: =IF(DP18="","",DP18*0.264172) | DS18: =IF(DP18="",IF(DM18=0,"",DM18),"") | DT18: =SUM(BU18,CG18,CS18,DE18,DQ18) -> 0 | DU18: =BV18&CH18&CT18&DF18&DR18 | DV18: =$B18 -> 50 A/B-L3 | DW18: =$C18 -> AQ-YB | DX18: =$D18 -> 3300 | DY18: =$E18 -> 5%-7% | EA18: =DZ18*VLOOKUP(DW18,$B$157:$C$159,2,FALSE) -> 0 | ED18: =IF(DZ18="","",IF(EA18>0.049999,"",((6-ROUND(EA18*100,1))*0.01)*DX18)) | EE18: =IF(ED18="","",ED18*0.264172) | EG18: =IF(ED18="",IF(EA18=0,"",EA18),"") | EH18: =$B18 -> 50 A/B-L3 | EI18: =$C18 -> AQ-YB | EJ18: =$D18 -> 3300 | EK18: =$E18 -> 5%-7% | EM18: =EL18*VLOOKUP(EI18,$B$157:$C$159,2,FALSE) -> 0 | EP18: =IF(EL18="","",IF(EM18>0.049999,"",((6-ROUND(EM18*100,1))*0.01)*EJ18)) | EQ18: =IF(EP18="","",EP18*0.264172) | ES18: =IF(EP18="",IF(EM18=0,"",EM18),"") | ET18: =$B18 -> 50 A/B-L3 | EU18: =$C18 -> AQ-YB | EV18: =$D18 -> 3300 | EW18: =$E18 -> 5%-7% | EY18: =EX18*VLOOKUP(EU18,$B$157:$C$159,2,FALSE) -> 0 | FB18: =IF(EX18="","",IF(EY18>0.049999,"",((6-ROUND(EY18*100,1))*0.01)*EV18)) | FC18: =IF(FB18="","",FB18*0.264172) | FE18: =IF(FB18="",IF(EY18=0,"",EY18),"") | FF18: =$B18 -> 50 A/B-L3 | FG18: =$C18 -> AQ-YB | FH18: =$D18 -> 3300 | FI18: =$E18 -> 5%-7% | FK18: =FJ18*VLOOKUP(FG18,$B$157:$C$159,2,FALSE) -> 0 | FN18: =IF(FJ18="","",IF(FK18>0.049999,"",((6-ROUND(FK18*100,1))*0.01)*FH18)) | FO18: =IF(FN18="","",FN18*0.264172) | FQ18: =IF(FN18="",IF(FK18=0,"",FK18),"") | FR18: =$B18 -> 50 A/B-L3 | FS18: =$C18 -> AQ-YB | FT18: =$D18 -> 3300 | FU18: =$E18 -> 5%-7% | FW18: =FV18*VLOOKUP(FS18,$B$157:$C$159,2,FALSE) -> 0 | FZ18: =IF(FV18="","",IF(FW18>0.049999,"",((6-ROUND(FW18*100,1))*0.01)*FT18)) | GA18: =IF(FZ18="","",FZ18*0.264172) | GC18: =IF(FZ18="",IF(FW18=0,"",FW18),"") | GD18: =SUM(EE18,EQ18,FC18,FO18,GA18) -> 0 | GE18: =EF18&ER18&FD18&FP18&GB18 | GF18: =$B18 -> 50 A/B-L3 | GG18: =$C18 -> AQ-YB | GH18: =$D18 -> 3300 | GI18: =$E18 -> 5%-7% | GK18: =GJ18*VLOOKUP(GG18,$B$157:$C$159,2,FALSE) -> 0 | GN18: =IF(GJ18="","",IF(GK18>0.049999,"",((6-ROUND(GK18*100,1))*0.01)*GH18)) | GO18: =IF(GN18="","",GN18*0.264172) | GQ18: =IF(GN18="",IF(GK18=0,"",GK18),"") | GR18: =$B18 -> 50 A/B-L3 | GS18: =$C18 -> AQ-YB | GT18: =$D18 -> 3300 | GU18: =$E18 -> 5%-7% | GW18: =GV18*VLOOKUP(GS18,$B$157:$C$159,2,FALSE) -> 0 | GZ18: =IF(GV18="","",IF(GW18>0.049999,"",((6-ROUND(GW18*100,1))*0.01)*GT18)) | HA18: =IF(GZ18="","",GZ18*0.264172) | HC18: =IF(GZ18="",IF(GW18=0,"",GW18),"") | HD18: =$B18 -> 50 A/B-L3 | HE18: =$C18 -> AQ-YB | HF18: =$D18 -> 3300 | HG18: =$E18 -> 5%-7% | HI18: =HH18*VLOOKUP(HE18,$B$157:$C$159,2,FALSE) -> 0 | HL18: =IF(HH18="","",IF(HI18>0.049999,"",((6-ROUND(HI18*100,1))*0.01)*HF18)) | HM18: =IF(HL18="","",HL18*0.264172) | HO18: =IF(HL18="",IF(HI18=0,"",HI18),"") | HP18: =$B18 -> 50 A/B-L3 | HQ18: =$C18 -> AQ-YB | HR18: =$D18 -> 3300 | HS18: =$E18 -> 5%-7% | HU18: =HT18*VLOOKUP(HQ18,$B$157:$C$159,2,FALSE) -> 0 | HX18: =IF(HT18="","",IF(HU18>0.049999,"",((6-ROUND(HU18*100,1))*0.01)*HR18)) | HY18: =IF(HX18="","",HX18*0.264172) | IA18: =IF(HX18="",IF(HU18=0,"",HU18),"") | IB18: =$B18 -> 50 A/B-L3 | IC18: =$C18 -> AQ-YB | ID18: =$D18 -> 3300 | IE18: =$E18 -> 5%-7% | IG18: =IF18*VLOOKUP(IC18,$B$157:$C$159,2,FALSE) -> 0 | IJ18: =IF(IF18="","",IF(IG18>0.049999,"",((6-ROUND(IG18*100,1))*0.01)*ID18)) | IK18: =IF(IJ18="","",IJ18*0.264172) | IM18: =IF(IJ18="",IF(IG18=0,"",IG18),"") | IN18: =SUM(GO18,HA18,HM18,HY18,IK18) -> 0 | IO18: =GP18&HB18&HN18&HZ18&IL18 | IP18: =$B18 -> 50 A/B-L3 | IQ18: =$C18 -> AQ-YB | IR18: =$D18 -> 3300 | IS18: =$E18 -> 5%-7% | IU18: =IT18*VLOOKUP(IQ18,$B$157:$C$159,2,FALSE) -> 0 | IX18: =IF(IT18="","",IF(IU18>0.049999,"",((6-ROUND(IU18*100,1))*0.01)*IR18)) | IY18: =IF(IX18="","",IX18*0.264172) | JA18: =IF(IX18="",IF(IU18=0,"",IU18),"") | JB18: =$B18 -> 50 A/B-L3 | JC18: =$C18 -> AQ-YB | JD18: =$D18 -> 3300 | JE18: =$E18 -> 5%-7% | JG18: =JF18*VLOOKUP(JC18,$B$157:$C$159,2,FALSE) -> 0 | JJ18: =IF(JF18="","",IF(JG18>0.049999,"",((6-ROUND(JG18*100,1))*0.01)*JD18)) | JK18: =IF(JJ18="","",JJ18*0.264172) | JM18: =IF(JJ18="",IF(JG18=0,"",JG18),"") | JN18: =$B18 -> 50 A/B-L3 | JO18: =$C18 -> AQ-YB | JP18: =$D18 -> 3300 | JQ18: =$E18 -> 5%-7% | JS18: =JR18*VLOOKUP(JO18,$B$157:$C$159,2,FALSE) -> 0 | JV18: =IF(JR18="","",IF(JS18>0.049999,"",((6-ROUND(JS18*100,1))*0.01)*JP18)) | JW18: =IF(JV18="","",JV18*0.264172) | JY18: =IF(JV18="",IF(JS18=0,"",JS18),"") | JZ18: =$B18 -> 50 A/B-L3 | KA18: =$C18 -> AQ-YB | KB18: =$D18 -> 3300 | KC18: =$E18 -> 5%-7% | KE18: =KD18*VLOOKUP(KA18,$B$157:$C$159,2,FALSE) -> 0 | KH18: =IF(KD18="","",IF(KE18>0.049999,"",((6-ROUND(KE18*100,1))*0.01)*KB18)) | KI18: =IF(KH18="","",KH18*0.264172) | KK18: =IF(KH18="",IF(KE18=0,"",KE18),"") | KL18: =$B18 -> 50 A/B-L3 | KM18: =$C18 -> AQ-YB | KN18: =$D18 -> 3300 | KO18: =$E18 -> 5%-7% | KQ18: =KP18*VLOOKUP(KM18,$B$157:$C$159,2,FALSE) -> 0 | KT18: =IF(KP18="","",IF(KQ18>0.049999,"",((6-ROUND(KQ18*100,1))*0.01)*KN18)) | KU18: =IF(KT18="","",KT18*0.264172) | KW18: =IF(KT18="",IF(KQ18=0,"",KQ18),"") | KX18: =SUM(IY18,JK18,JW18,KI18,KU18) -> 0 | KY18: =IZ18&JL18&JX18&KJ18&KV18
A19: MWTH-1 | B19: 10-L4 | C19: =VLOOKUP($B19,'OP Info'!$C$4:$J$62,4,FALSE) -> GTS-120 | D19: =VLOOKUP($B19,'OP Info'!$C$4:$J$62,3,FALSE) -> 575 | E19: =CONCATENATE(VLOOKUP($B19,'OP Info'!$C$4:$J$62,5,FALSE),"%-",VLOOKUP($B19,'OP Info'!$C$4:$J$62,6,FALSE),"%") -> 5%-7% | G19: =F19*VLOOKUP(C19,$B$157:$C$159,2,FALSE) -> 0 | J19: =IF(F19="","",IF(G19>0.049999,"",((6-ROUND(G19*100,1))*0.01)*D19)) | K19: =IF(J19="","",J19*0.264172) | M19: =IF(J19="",IF(G19=0,"",G19),"") | N19: =$B19 -> 10-L4 | O19: =$C19 -> GTS-120 | P19: =$D19 -> 575 | Q19: =$E19 -> 5%-7% | S19: =R19*VLOOKUP(O19,$B$157:$C$159,2,FALSE) -> 0 | V19: =IF(R19="","",IF(S19>0.049999,"",((6-ROUND(S19*100,1))*0.01)*P19)) | W19: =IF(V19="","",V19*0.264172) | Y19: =IF(V19="",IF(S19=0,"",S19),"") | Z19: =$B19 -> 10-L4 | AA19: =$C19 -> GTS-120 | AB19: =$D19 -> 575 | AC19: =$E19 -> 5%-7% | AE19: =AD19*VLOOKUP(AA19,$B$157:$C$159,2,FALSE) -> 0 | AH19: =IF(AD19="","",IF(AE19>0.049999,"",((6-ROUND(AE19*100,1))*0.01)*AB19)) | AI19: =IF(AH19="","",AH19*0.264172) | AK19: =IF(AH19="",IF(AE19=0,"",AE19),"") | AL19: =$B19 -> 10-L4 | AM19: =$C19 -> GTS-120 | AN19: =$D19 -> 575 | AO19: =$E19 -> 5%-7% | AQ19: =AP19*VLOOKUP(AM19,$B$157:$C$159,2,FALSE) -> 0 | AT19: =IF(AP19="","",IF(AQ19>0.049999,"",((6-ROUND(AQ19*100,1))*0.01)*AN19)) | AU19: =IF(AT19="","",AT19*0.264172) | AW19: =IF(AT19="",IF(AQ19=0,"",AQ19),"") | AX19: =$B19 -> 10-L4 | AY19: =$C19 -> GTS-120 | AZ19: =$D19 -> 575 | BA19: =$E19 -> 5%-7% | BC19: =BB19*VLOOKUP(AY19,$B$157:$C$159,2,FALSE) -> 0 | BF19: =IF(BB19="","",IF(BC19>0.049999,"",((6-ROUND(BC19*100,1))*0.01)*AZ19)) | BG19: =IF(BF19="","",BF19*0.264172) | BI19: =IF(BF19="",IF(BC19=0,"",BC19),"") | BJ19: =SUM(K19,W19,AI19,AU19,BG19) -> 0 | BK19: =L19&X19&AJ19&AV19&BH19 | BL19: =$B19 -> 10-L4 | BM19: =$C19 -> GTS-120 | BN19: =$D19 -> 575 | BO19: =$E19 -> 5%-7% | BQ19: =BP19*VLOOKUP(BM19,$B$157:$C$159,2,FALSE) -> 0 | BT19: =IF(BP19="","",IF(BQ19>0.049999,"",((6-ROUND(BQ19*100,1))*0.01)*BN19)) | BU19: =IF(BT19="","",BT19*0.264172) | BW19: =IF(BT19="",IF(BQ19=0,"",BQ19),"") | BX19: =$B19 -> 10-L4 | BY19: =$C19 -> GTS-120 | BZ19: =$D19 -> 575 | CA19: =$E19 -> 5%-7% | CC19: =CB19*VLOOKUP(BY19,$B$157:$C$159,2,FALSE) -> 0 | CF19: =IF(CB19="","",IF(CC19>0.049999,"",((6-ROUND(CC19*100,1))*0.01)*BZ19)) | CG19: =IF(CF19="","",CF19*0.264172) | CI19: =IF(CF19="",IF(CC19=0,"",CC19),"") | CJ19: =$B19 -> 10-L4 | CK19: =$C19 -> GTS-120 | CL19: =$D19 -> 575 | CM19: =$E19 -> 5%-7% | CO19: =CN19*VLOOKUP(CK19,$B$157:$C$159,2,FALSE) -> 0 | CR19: =IF(CN19="","",IF(CO19>0.049999,"",((6-ROUND(CO19*100,1))*0.01)*CL19)) | CS19: =IF(CR19="","",CR19*0.264172) | CU19: =IF(CR19="",IF(CO19=0,"",CO19),"") | CV19: =$B19 -> 10-L4 | CW19: =$C19 -> GTS-120 | CX19: =$D19 -> 575 | CY19: =$E19 -> 5%-7% | DA19: =CZ19*VLOOKUP(CW19,$B$157:$C$159,2,FALSE) -> 0 | DD19: =IF(CZ19="","",IF(DA19>0.049999,"",((6-ROUND(DA19*100,1))*0.01)*CX19)) | DE19: =IF(DD19="","",DD19*0.264172) | DG19: =IF(DD19="",IF(DA19=0,"",DA19),"") | DH19: =$B19 -> 10-L4 | DI19: =$C19 -> GTS-120 | DJ19: =$D19 -> 575 | DK19: =$E19 -> 5%-7% | DM19: =DL19*VLOOKUP(DI19,$B$157:$C$159,2,FALSE) -> 0 | DP19: =IF(DL19="","",IF(DM19>0.049999,"",((6-ROUND(DM19*100,1))*0.01)*DJ19)) | DQ19: =IF(DP19="","",DP19*0.264172) | DS19: =IF(DP19="",IF(DM19=0,"",DM19),"") | DT19: =SUM(BU19,CG19,CS19,DE19,DQ19) -> 0 | DU19: =BV19&CH19&CT19&DF19&DR19 | DV19: =$B19 -> 10-L4 | DW19: =$C19 -> GTS-120 | DX19: =$D19 -> 575 | DY19: =$E19 -> 5%-7% | EA19: =DZ19*VLOOKUP(DW19,$B$157:$C$159,2,FALSE) -> 0 | ED19: =IF(DZ19="","",IF(EA19>0.049999,"",((6-ROUND(EA19*100,1))*0.01)*DX19)) | EE19: =IF(ED19="","",ED19*0.264172) | EG19: =IF(ED19="",IF(EA19=0,"",EA19),"") | EH19: =$B19 -> 10-L4 | EI19: =$C19 -> GTS-120 | EJ19: =$D19 -> 575 | EK19: =$E19 -> 5%-7% | EM19: =EL19*VLOOKUP(EI19,$B$157:$C$159,2,FALSE) -> 0 | EP19: =IF(EL19="","",IF(EM19>0.049999,"",((6-ROUND(EM19*100,1))*0.01)*EJ19)) | EQ19: =IF(EP19="","",EP19*0.264172) | ES19: =IF(EP19="",IF(EM19=0,"",EM19),"") | ET19: =$B19 -> 10-L4 | EU19: =$C19 -> GTS-120 | EV19: =$D19 -> 575 | EW19: =$E19 -> 5%-7% | EY19: =EX19*VLOOKUP(EU19,$B$157:$C$159,2,FALSE) -> 0 | FB19: =IF(EX19="","",IF(EY19>0.049999,"",((6-ROUND(EY19*100,1))*0.01)*EV19)) | FC19: =IF(FB19="","",FB19*0.264172) | FE19: =IF(FB19="",IF(EY19=0,"",EY19),"") | FF19: =$B19 -> 10-L4 | FG19: =$C19 -> GTS-120 | FH19: =$D19 -> 575 | FI19: =$E19 -> 5%-7% | FK19: =FJ19*VLOOKUP(FG19,$B$157:$C$159,2,FALSE) -> 0 | FN19: =IF(FJ19="","",IF(FK19>0.049999,"",((6-ROUND(FK19*100,1))*0.01)*FH19)) | FO19: =IF(FN19="","",FN19*0.264172) | FQ19: =IF(FN19="",IF(FK19=0,"",FK19),"") | FR19: =$B19 -> 10-L4 | FS19: =$C19 -> GTS-120 | FT19: =$D19 -> 575 | FU19: =$E19 -> 5%-7% | FW19: =FV19*VLOOKUP(FS19,$B$157:$C$159,2,FALSE) -> 0 | FZ19: =IF(FV19="","",IF(FW19>0.049999,"",((6-ROUND(FW19*100,1))*0.01)*FT19)) | GA19: =IF(FZ19="","",FZ19*0.264172) | GC19: =IF(FZ19="",IF(FW19=0,"",FW19),"") | GD19: =SUM(EE19,EQ19,FC19,FO19,GA19) -> 0 | GE19: =EF19&ER19&FD19&FP19&GB19 | GF19: =$B19 -> 10-L4 | GG19: =$C19 -> GTS-120 | GH19: =$D19 -> 575 | GI19: =$E19 -> 5%-7% | GK19: =GJ19*VLOOKUP(GG19,$B$157:$C$159,2,FALSE) -> 0 | GN19: =IF(GJ19="","",IF(GK19>0.049999,"",((6-ROUND(GK19*100,1))*0.01)*GH19)) | GO19: =IF(GN19="","",GN19*0.264172) | GQ19: =IF(GN19="",IF(GK19=0,"",GK19),"") | GR19: =$B19 -> 10-L4 | GS19: =$C19 -> GTS-120 | GT19: =$D19 -> 575 | GU19: =$E19 -> 5%-7% | GW19: =GV19*VLOOKUP(GS19,$B$157:$C$159,2,FALSE) -> 0 | GZ19: =IF(GV19="","",IF(GW19>0.049999,"",((6-ROUND(GW19*100,1))*0.01)*GT19)) | HA19: =IF(GZ19="","",GZ19*0.264172) | HC19: =IF(GZ19="",IF(GW19=0,"",GW19),"") | HD19: =$B19 -> 10-L4 | HE19: =$C19 -> GTS-120 | HF19: =$D19 -> 575 | HG19: =$E19 -> 5%-7% | HI19: =HH19*VLOOKUP(HE19,$B$157:$C$159,2,FALSE) -> 0 | HL19: =IF(HH19="","",IF(HI19>0.049999,"",((6-ROUND(HI19*100,1))*0.01)*HF19)) | HM19: =IF(HL19="","",HL19*0.264172) | HO19: =IF(HL19="",IF(HI19=0,"",HI19),"") | HP19: =$B19 -> 10-L4 | HQ19: =$C19 -> GTS-120 | HR19: =$D19 -> 575 | HS19: =$E19 -> 5%-7% | HU19: =HT19*VLOOKUP(HQ19,$B$157:$C$159,2,FALSE) -> 0 | HX19: =IF(HT19="","",IF(HU19>0.049999,"",((6-ROUND(HU19*100,1))*0.01)*HR19)) | HY19: =IF(HX19="","",HX19*0.264172) | IA19: =IF(HX19="",IF(HU19=0,"",HU19),"") | IB19: =$B19 -> 10-L4 | IC19: =$C19 -> GTS-120 | ID19: =$D19 -> 575 | IE19: =$E19 -> 5%-7% | IG19: =IF19*VLOOKUP(IC19,$B$157:$C$159,2,FALSE) -> 0 | IJ19: =IF(IF19="","",IF(IG19>0.049999,"",((6-ROUND(IG19*100,1))*0.01)*ID19)) | IK19: =IF(IJ19="","",IJ19*0.264172) | IM19: =IF(IJ19="",IF(IG19=0,"",IG19),"") | IN19: =SUM(GO19,HA19,HM19,HY19,IK19) -> 0 | IO19: =GP19&HB19&HN19&HZ19&IL19 | IP19: =$B19 -> 10-L4 | IQ19: =$C19 -> GTS-120 | IR19: =$D19 -> 575 | IS19: =$E19 -> 5%-7% | IU19: =IT19*VLOOKUP(IQ19,$B$157:$C$159,2,FALSE) -> 0 | IX19: =IF(IT19="","",IF(IU19>0.049999,"",((6-ROUND(IU19*100,1))*0.01)*IR19)) | IY19: =IF(IX19="","",IX19*0.264172) | JA19: =IF(IX19="",IF(IU19=0,"",IU19),"") | JB19: =$B19 -> 10-L4 | JC19: =$C19 -> GTS-120 | JD19: =$D19 -> 575 | JE19: =$E19 -> 5%-7% | JG19: =JF19*VLOOKUP(JC19,$B$157:$C$159,2,FALSE) -> 0 | JJ19: =IF(JF19="","",IF(JG19>0.049999,"",((6-ROUND(JG19*100,1))*0.01)*JD19)) | JK19: =IF(JJ19="","",JJ19*0.264172) | JM19: =IF(JJ19="",IF(JG19=0,"",JG19),"") | JN19: =$B19 -> 10-L4 | JO19: =$C19 -> GTS-120 | JP19: =$D19 -> 575 | JQ19: =$E19 -> 5%-7% | JS19: =JR19*VLOOKUP(JO19,$B$157:$C$159,2,FALSE) -> 0 | JV19: =IF(JR19="","",IF(JS19>0.049999,"",((6-ROUND(JS19*100,1))*0.01)*JP19)) | JW19: =IF(JV19="","",JV19*0.264172) | JY19: =IF(JV19="",IF(JS19=0,"",JS19),"") | JZ19: =$B19 -> 10-L4 | KA19: =$C19 -> GTS-120 | KB19: =$D19 -> 575 | KC19: =$E19 -> 5%-7% | KE19: =KD19*VLOOKUP(KA19,$B$157:$C$159,2,FALSE) -> 0 | KH19: =IF(KD19="","",IF(KE19>0.049999,"",((6-ROUND(KE19*100,1))*0.01)*KB19)) | KI19: =IF(KH19="","",KH19*0.264172) | KK19: =IF(KH19="",IF(KE19=0,"",KE19),"") | KL19: =$B19 -> 10-L4 | KM19: =$C19 -> GTS-120 | KN19: =$D19 -> 575 | KO19: =$E19 -> 5%-7% | KQ19: =KP19*VLOOKUP(KM19,$B$157:$C$159,2,FALSE) -> 0 | KT19: =IF(KP19="","",IF(KQ19>0.049999,"",((6-ROUND(KQ19*100,1))*0.01)*KN19)) | KU19: =IF(KT19="","",KT19*0.264172) | KW19: =IF(KT19="",IF(KQ19=0,"",KQ19),"") | KX19: =SUM(IY19,JK19,JW19,KI19,KU19) -> 0 | KY19: =IZ19&JL19&JX19&KJ19&KV19
A20: MWTH-2 | B20: 20-L4 | C20: =VLOOKUP($B20,'OP Info'!$C$4:$J$62,4,FALSE) -> GTS-120 | D20: =VLOOKUP($B20,'OP Info'!$C$4:$J$62,3,FALSE) -> 685 | E20: =CONCATENATE(VLOOKUP($B20,'OP Info'!$C$4:$J$62,5,FALSE),"%-",VLOOKUP($B20,'OP Info'!$C$4:$J$62,6,FALSE),"%") -> 5%-7% | G20: =F20*VLOOKUP(C20,$B$157:$C$159,2,FALSE) -> 0 | J20: =IF(F20="","",IF(G20>0.049999,"",((6-ROUND(G20*100,1))*0.01)*D20)) | K20: =IF(J20="","",J20*0.264172) | M20: =IF(J20="",IF(G20=0,"",G20),"") | N20: =$B20 -> 20-L4 | O20: =$C20 -> GTS-120 | P20: =$D20 -> 685 | Q20: =$E20 -> 5%-7% | S20: =R20*VLOOKUP(O20,$B$157:$C$159,2,FALSE) -> 0 | V20: =IF(R20="","",IF(S20>0.049999,"",((6-ROUND(S20*100,1))*0.01)*P20)) | W20: =IF(V20="","",V20*0.264172) | Y20: =IF(V20="",IF(S20=0,"",S20),"") | Z20: =$B20 -> 20-L4 | AA20: =$C20 -> GTS-120 | AB20: =$D20 -> 685 | AC20: =$E20 -> 5%-7% | AE20: =AD20*VLOOKUP(AA20,$B$157:$C$159,2,FALSE) -> 0 | AH20: =IF(AD20="","",IF(AE20>0.049999,"",((6-ROUND(AE20*100,1))*0.01)*AB20)) | AI20: =IF(AH20="","",AH20*0.264172) | AK20: =IF(AH20="",IF(AE20=0,"",AE20),"") | AL20: =$B20 -> 20-L4 | AM20: =$C20 -> GTS-120 | AN20: =$D20 -> 685 | AO20: =$E20 -> 5%-7% | AQ20: =AP20*VLOOKUP(AM20,$B$157:$C$159,2,FALSE) -> 0 | AT20: =IF(AP20="","",IF(AQ20>0.049999,"",((6-ROUND(AQ20*100,1))*0.01)*AN20)) | AU20: =IF(AT20="","",AT20*0.264172) | AW20: =IF(AT20="",IF(AQ20=0,"",AQ20),"") | AX20: =$B20 -> 20-L4 | AY20: =$C20 -> GTS-120 | AZ20: =$D20 -> 685 | BA20: =$E20 -> 5%-7% | BC20: =BB20*VLOOKUP(AY20,$B$157:$C$159,2,FALSE) -> 0 | BF20: =IF(BB20="","",IF(BC20>0.049999,"",((6-ROUND(BC20*100,1))*0.01)*AZ20)) | BG20: =IF(BF20="","",BF20*0.264172) | BI20: =IF(BF20="",IF(BC20=0,"",BC20),"") | BJ20: =SUM(K20,W20,AI20,AU20,BG20) -> 0 | BK20: =L20&X20&AJ20&AV20&BH20 | BL20: =$B20 -> 20-L4 | BM20: =$C20 -> GTS-120 | BN20: =$D20 -> 685 | BO20: =$E20 -> 5%-7% | BQ20: =BP20*VLOOKUP(BM20,$B$157:$C$159,2,FALSE) -> 0 | BT20: =IF(BP20="","",IF(BQ20>0.049999,"",((6-ROUND(BQ20*100,1))*0.01)*BN20)) | BU20: =IF(BT20="","",BT20*0.264172) | BW20: =IF(BT20="",IF(BQ20=0,"",BQ20),"") | BX20: =$B20 -> 20-L4 | BY20: =$C20 -> GTS-120 | BZ20: =$D20 -> 685 | CA20: =$E20 -> 5%-7% | CC20: =CB20*VLOOKUP(BY20,$B$157:$C$159,2,FALSE) -> 0 | CF20: =IF(CB20="","",IF(CC20>0.049999,"",((6-ROUND(CC20*100,1))*0.01)*BZ20)) | CG20: =IF(CF20="","",CF20*0.264172) | CI20: =IF(CF20="",IF(CC20=0,"",CC20),"") | CJ20: =$B20 -> 20-L4 | CK20: =$C20 -> GTS-120 | CL20: =$D20 -> 685 | CM20: =$E20 -> 5%-7% | CO20: =CN20*VLOOKUP(CK20,$B$157:$C$159,2,FALSE) -> 0 | CR20: =IF(CN20="","",IF(CO20>0.049999,"",((6-ROUND(CO20*100,1))*0.01)*CL20)) | CS20: =IF(CR20="","",CR20*0.264172) | CU20: =IF(CR20="",IF(CO20=0,"",CO20),"") | CV20: =$B20 -> 20-L4 | CW20: =$C20 -> GTS-120 | CX20: =$D20 -> 685 | CY20: =$E20 -> 5%-7% | DA20: =CZ20*VLOOKUP(CW20,$B$157:$C$159,2,FALSE) -> 0 | DD20: =IF(CZ20="","",IF(DA20>0.049999,"",((6-ROUND(DA20*100,1))*0.01)*CX20)) | DE20: =IF(DD20="","",DD20*0.264172) | DG20: =IF(DD20="",IF(DA20=0,"",DA20),"") | DH20: =$B20 -> 20-L4 | DI20: =$C20 -> GTS-120 | DJ20: =$D20 -> 685 | DK20: =$E20 -> 5%-7% | DM20: =DL20*VLOOKUP(DI20,$B$157:$C$159,2,FALSE) -> 0 | DP20: =IF(DL20="","",IF(DM20>0.049999,"",((6-ROUND(DM20*100,1))*0.01)*DJ20)) | DQ20: =IF(DP20="","",DP20*0.264172) | DS20: =IF(DP20="",IF(DM20=0,"",DM20),"") | DT20: =SUM(BU20,CG20,CS20,DE20,DQ20) -> 0 | DU20: =BV20&CH20&CT20&DF20&DR20 | DV20: =$B20 -> 20-L4 | DW20: =$C20 -> GTS-120 | DX20: =$D20 -> 685 | DY20: =$E20 -> 5%-7% | EA20: =DZ20*VLOOKUP(DW20,$B$157:$C$159,2,FALSE) -> 0 | ED20: =IF(DZ20="","",IF(EA20>0.049999,"",((6-ROUND(EA20*100,1))*0.01)*DX20)) | EE20: =IF(ED20="","",ED20*0.264172) | EG20: =IF(ED20="",IF(EA20=0,"",EA20),"") | EH20: =$B20 -> 20-L4 | EI20: =$C20 -> GTS-120 | EJ20: =$D20 -> 685 | EK20: =$E20 -> 5%-7% | EM20: =EL20*VLOOKUP(EI20,$B$157:$C$159,2,FALSE) -> 0 | EP20: =IF(EL20="","",IF(EM20>0.049999,"",((6-ROUND(EM20*100,1))*0.01)*EJ20)) | EQ20: =IF(EP20="","",EP20*0.264172) | ES20: =IF(EP20="",IF(EM20=0,"",EM20),"") | ET20: =$B20 -> 20-L4 | EU20: =$C20 -> GTS-120 | EV20: =$D20 -> 685 | EW20: =$E20 -> 5%-7% | EY20: =EX20*VLOOKUP(EU20,$B$157:$C$159,2,FALSE) -> 0 | FB20: =IF(EX20="","",IF(EY20>0.049999,"",((6-ROUND(EY20*100,1))*0.01)*EV20)) | FC20: =IF(FB20="","",FB20*0.264172) | FE20: =IF(FB20="",IF(EY20=0,"",EY20),"") | FF20: =$B20 -> 20-L4 | FG20: =$C20 -> GTS-120 | FH20: =$D20 -> 685 | FI20: =$E20 -> 5%-7% | FK20: =FJ20*VLOOKUP(FG20,$B$157:$C$159,2,FALSE) -> 0 | FN20: =IF(FJ20="","",IF(FK20>0.049999,"",((6-ROUND(FK20*100,1))*0.01)*FH20)) | FO20: =IF(FN20="","",FN20*0.264172) | FQ20: =IF(FN20="",IF(FK20=0,"",FK20),"") | FR20: =$B20 -> 20-L4 | FS20: =$C20 -> GTS-120 | FT20: =$D20 -> 685 | FU20: =$E20 -> 5%-7% | FW20: =FV20*VLOOKUP(FS20,$B$157:$C$159,2,FALSE) -> 0 | FZ20: =IF(FV20="","",IF(FW20>0.049999,"",((6-ROUND(FW20*100,1))*0.01)*FT20)) | GA20: =IF(FZ20="","",FZ20*0.264172) | GC20: =IF(FZ20="",IF(FW20=0,"",FW20),"") | GD20: =SUM(EE20,EQ20,FC20,FO20,GA20) -> 0 | GE20: =EF20&ER20&FD20&FP20&GB20 | GF20: =$B20 -> 20-L4 | GG20: =$C20 -> GTS-120 | GH20: =$D20 -> 685 | GI20: =$E20 -> 5%-7% | GK20: =GJ20*VLOOKUP(GG20,$B$157:$C$159,2,FALSE) -> 0 | GN20: =IF(GJ20="","",IF(GK20>0.049999,"",((6-ROUND(GK20*100,1))*0.01)*GH20)) | GO20: =IF(GN20="","",GN20*0.264172) | GQ20: =IF(GN20="",IF(GK20=0,"",GK20),"") | GR20: =$B20 -> 20-L4 | GS20: =$C20 -> GTS-120 | GT20: =$D20 -> 685 | GU20: =$E20 -> 5%-7% | GW20: =GV20*VLOOKUP(GS20,$B$157:$C$159,2,FALSE) -> 0 | GZ20: =IF(GV20="","",IF(GW20>0.049999,"",((6-ROUND(GW20*100,1))*0.01)*GT20)) | HA20: =IF(GZ20="","",GZ20*0.264172) | HC20: =IF(GZ20="",IF(GW20=0,"",GW20),"") | HD20: =$B20 -> 20-L4 | HE20: =$C20 -> GTS-120 | HF20: =$D20 -> 685 | HG20: =$E20 -> 5%-7% | HI20: =HH20*VLOOKUP(HE20,$B$157:$C$159,2,FALSE) -> 0 | HL20: =IF(HH20="","",IF(HI20>0.049999,"",((6-ROUND(HI20*100,1))*0.01)*HF20)) | HM20: =IF(HL20="","",HL20*0.264172) | HO20: =IF(HL20="",IF(HI20=0,"",HI20),"") | HP20: =$B20 -> 20-L4 | HQ20: =$C20 -> GTS-120 | HR20: =$D20 -> 685 | HS20: =$E20 -> 5%-7% | HU20: =HT20*VLOOKUP(HQ20,$B$157:$C$159,2,FALSE) -> 0 | HX20: =IF(HT20="","",IF(HU20>0.049999,"",((6-ROUND(HU20*100,1))*0.01)*HR20)) | HY20: =IF(HX20="","",HX20*0.264172) | IA20: =IF(HX20="",IF(HU20=0,"",HU20),"") | IB20: =$B20 -> 20-L4 | IC20: =$C20 -> GTS-120 | ID20: =$D20 -> 685 | IE20: =$E20 -> 5%-7% | IG20: =IF20*VLOOKUP(IC20,$B$157:$C$159,2,FALSE) -> 0 | IJ20: =IF(IF20="","",IF(IG20>0.049999,"",((6-ROUND(IG20*100,1))*0.01)*ID20)) | IK20: =IF(IJ20="","",IJ20*0.264172) | IM20: =IF(IJ20="",IF(IG20=0,"",IG20),"") | IN20: =SUM(GO20,HA20,HM20,HY20,IK20) -> 0 | IO20: =GP20&HB20&HN20&HZ20&IL20 | IP20: =$B20 -> 20-L4 | IQ20: =$C20 -> GTS-120 | IR20: =$D20 -> 685 | IS20: =$E20 -> 5%-7% | IU20: =IT20*VLOOKUP(IQ20,$B$157:$C$159,2,FALSE) -> 0 | IX20: =IF(IT20="","",IF(IU20>0.049999,"",((6-ROUND(IU20*100,1))*0.01)*IR20)) | IY20: =IF(IX20="","",IX20*0.264172) | JA20: =IF(IX20="",IF(IU20=0,"",IU20),"") | JB20: =$B20 -> 20-L4 | JC20: =$C20 -> GTS-120 | JD20: =$D20 -> 685 | JE20: =$E20 -> 5%-7% | JG20: =JF20*VLOOKUP(JC20,$B$157:$C$159,2,FALSE) -> 0 | JJ20: =IF(JF20="","",IF(JG20>0.049999,"",((6-ROUND(JG20*100,1))*0.01)*JD20)) | JK20: =IF(JJ20="","",JJ20*0.264172) | JM20: =IF(JJ20="",IF(JG20=0,"",JG20),"") | JN20: =$B20 -> 20-L4 | JO20: =$C20 -> GTS-120 | JP20: =$D20 -> 685 | JQ20: =$E20 -> 5%-7% | JS20: =JR20*VLOOKUP(JO20,$B$157:$C$159,2,FALSE) -> 0 | JV20: =IF(JR20="","",IF(JS20>0.049999,"",((6-ROUND(JS20*100,1))*0.01)*JP20)) | JW20: =IF(JV20="","",JV20*0.264172) | JY20: =IF(JV20="",IF(JS20=0,"",JS20),"") | JZ20: =$B20 -> 20-L4 | KA20: =$C20 -> GTS-120 | KB20: =$D20 -> 685 | KC20: =$E20 -> 5%-7% | KE20: =KD20*VLOOKUP(KA20,$B$157:$C$159,2,FALSE) -> 0 | KH20: =IF(KD20="","",IF(KE20>0.049999,"",((6-ROUND(KE20*100,1))*0.01)*KB20)) | KI20: =IF(KH20="","",KH20*0.264172) | KK20: =IF(KH20="",IF(KE20=0,"",KE20),"") | KL20: =$B20 -> 20-L4 | KM20: =$C20 -> GTS-120 | KN20: =$D20 -> 685 | KO20: =$E20 -> 5%-7% | KQ20: =KP20*VLOOKUP(KM20,$B$157:$C$159,2,FALSE) -> 0 | KT20: =IF(KP20="","",IF(KQ20>0.049999,"",((6-ROUND(KQ20*100,1))*0.01)*KN20)) | KU20: =IF(KT20="","",KT20*0.264172) | KW20: =IF(KT20="",IF(KQ20=0,"",KQ20),"") | KX20: =SUM(IY20,JK20,JW20,KI20,KU20) -> 0 | KY20: =IZ20&JL20&JX20&KJ20&KV20
A21: MWTH-2 | B21: 30-L4 | C21: =VLOOKUP($B21,'OP Info'!$C$4:$J$62,4,FALSE) -> GTS-120 | D21: =VLOOKUP($B21,'OP Info'!$C$4:$J$62,3,FALSE) -> 685 | E21: =CONCATENATE(VLOOKUP($B21,'OP Info'!$C$4:$J$62,5,FALSE),"%-",VLOOKUP($B21,'OP Info'!$C$4:$J$62,6,FALSE),"%") -> 5%-7% | G21: =F21*VLOOKUP(C21,$B$157:$C$159,2,FALSE) -> 0 | J21: =IF(F21="","",IF(G21>0.049999,"",((6-ROUND(G21*100,1))*0.01)*D21)) | K21: =IF(J21="","",J21*0.264172) | M21: =IF(J21="",IF(G21=0,"",G21),"") | N21: =$B21 -> 30-L4 | O21: =$C21 -> GTS-120 | P21: =$D21 -> 685 | Q21: =$E21 -> 5%-7% | S21: =R21*VLOOKUP(O21,$B$157:$C$159,2,FALSE) -> 0 | V21: =IF(R21="","",IF(S21>0.049999,"",((6-ROUND(S21*100,1))*0.01)*P21)) | W21: =IF(V21="","",V21*0.264172) | Y21: =IF(V21="",IF(S21=0,"",S21),"") | Z21: =$B21 -> 30-L4 | AA21: =$C21 -> GTS-120 | AB21: =$D21 -> 685 | AC21: =$E21 -> 5%-7% | AE21: =AD21*VLOOKUP(AA21,$B$157:$C$159,2,FALSE) -> 0 | AH21: =IF(AD21="","",IF(AE21>0.049999,"",((6-ROUND(AE21*100,1))*0.01)*AB21)) | AI21: =IF(AH21="","",AH21*0.264172) | AK21: =IF(AH21="",IF(AE21=0,"",AE21),"") | AL21: =$B21 -> 30-L4 | AM21: =$C21 -> GTS-120 | AN21: =$D21 -> 685 | AO21: =$E21 -> 5%-7% | AQ21: =AP21*VLOOKUP(AM21,$B$157:$C$159,2,FALSE) -> 0 | AT21: =IF(AP21="","",IF(AQ21>0.049999,"",((6-ROUND(AQ21*100,1))*0.01)*AN21)) | AU21: =IF(AT21="","",AT21*0.264172) | AW21: =IF(AT21="",IF(AQ21=0,"",AQ21),"") | AX21: =$B21 -> 30-L4 | AY21: =$C21 -> GTS-120 | AZ21: =$D21 -> 685 | BA21: =$E21 -> 5%-7% | BC21: =BB21*VLOOKUP(AY21,$B$157:$C$159,2,FALSE) -> 0 | BF21: =IF(BB21="","",IF(BC21>0.049999,"",((6-ROUND(BC21*100,1))*0.01)*AZ21)) | BG21: =IF(BF21="","",BF21*0.264172) | BI21: =IF(BF21="",IF(BC21=0,"",BC21),"") | BJ21: =SUM(K21,W21,AI21,AU21,BG21) -> 0 | BK21: =L21&X21&AJ21&AV21&BH21 | BL21: =$B21 -> 30-L4 | BM21: =$C21 -> GTS-120 | BN21: =$D21 -> 685 | BO21: =$E21 -> 5%-7% | BQ21: =BP21*VLOOKUP(BM21,$B$157:$C$159,2,FALSE) -> 0 | BT21: =IF(BP21="","",IF(BQ21>0.049999,"",((6-ROUND(BQ21*100,1))*0.01)*BN21)) | BU21: =IF(BT21="","",BT21*0.264172) | BW21: =IF(BT21="",IF(BQ21=0,"",BQ21),"") | BX21: =$B21 -> 30-L4 | BY21: =$C21 -> GTS-120 | BZ21: =$D21 -> 685 | CA21: =$E21 -> 5%-7% | CC21: =CB21*VLOOKUP(BY21,$B$157:$C$159,2,FALSE) -> 0 | CF21: =IF(CB21="","",IF(CC21>0.049999,"",((6-ROUND(CC21*100,1))*0.01)*BZ21)) | CG21: =IF(CF21="","",CF21*0.264172) | CI21: =IF(CF21="",IF(CC21=0,"",CC21),"") | CJ21: =$B21 -> 30-L4 | CK21: =$C21 -> GTS-120 | CL21: =$D21 -> 685 | CM21: =$E21 -> 5%-7% | CO21: =CN21*VLOOKUP(CK21,$B$157:$C$159,2,FALSE) -> 0 | CR21: =IF(CN21="","",IF(CO21>0.049999,"",((6-ROUND(CO21*100,1))*0.01)*CL21)) | CS21: =IF(CR21="","",CR21*0.264172) | CU21: =IF(CR21="",IF(CO21=0,"",CO21),"") | CV21: =$B21 -> 30-L4 | CW21: =$C21 -> GTS-120 | CX21: =$D21 -> 685 | CY21: =$E21 -> 5%-7% | DA21: =CZ21*VLOOKUP(CW21,$B$157:$C$159,2,FALSE) -> 0 | DD21: =IF(CZ21="","",IF(DA21>0.049999,"",((6-ROUND(DA21*100,1))*0.01)*CX21)) | DE21: =IF(DD21="","",DD21*0.264172) | DG21: =IF(DD21="",IF(DA21=0,"",DA21),"") | DH21: =$B21 -> 30-L4 | DI21: =$C21 -> GTS-120 | DJ21: =$D21 -> 685 | DK21: =$E21 -> 5%-7% | DM21: =DL21*VLOOKUP(DI21,$B$157:$C$159,2,FALSE) -> 0 | DP21: =IF(DL21="","",IF(DM21>0.049999,"",((6-ROUND(DM21*100,1))*0.01)*DJ21)) | DQ21: =IF(DP21="","",DP21*0.264172) | DS21: =IF(DP21="",IF(DM21=0,"",DM21),"") | DT21: =SUM(BU21,CG21,CS21,DE21,DQ21) -> 0 | DU21: =BV21&CH21&CT21&DF21&DR21 | DV21: =$B21 -> 30-L4 | DW21: =$C21 -> GTS-120 | DX21: =$D21 -> 685 | DY21: =$E21 -> 5%-7% | EA21: =DZ21*VLOOKUP(DW21,$B$157:$C$159,2,FALSE) -> 0 | ED21: =IF(DZ21="","",IF(EA21>0.049999,"",((6-ROUND(EA21*100,1))*0.01)*DX21)) | EE21: =IF(ED21="","",ED21*0.264172) | EG21: =IF(ED21="",IF(EA21=0,"",EA21),"") | EH21: =$B21 -> 30-L4 | EI21: =$C21 -> GTS-120 | EJ21: =$D21 -> 685 | EK21: =$E21 -> 5%-7% | EM21: =EL21*VLOOKUP(EI21,$B$157:$C$159,2,FALSE) -> 0 | EP21: =IF(EL21="","",IF(EM21>0.049999,"",((6-ROUND(EM21*100,1))*0.01)*EJ21)) | EQ21: =IF(EP21="","",EP21*0.264172) | ES21: =IF(EP21="",IF(EM21=0,"",EM21),"") | ET21: =$B21 -> 30-L4 | EU21: =$C21 -> GTS-120 | EV21: =$D21 -> 685 | EW21: =$E21 -> 5%-7% | EY21: =EX21*VLOOKUP(EU21,$B$157:$C$159,2,FALSE) -> 0 | FB21: =IF(EX21="","",IF(EY21>0.049999,"",((6-ROUND(EY21*100,1))*0.01)*EV21)) | FC21: =IF(FB21="","",FB21*0.264172) | FE21: =IF(FB21="",IF(EY21=0,"",EY21),"") | FF21: =$B21 -> 30-L4 | FG21: =$C21 -> GTS-120 | FH21: =$D21 -> 685 | FI21: =$E21 -> 5%-7% | FK21: =FJ21*VLOOKUP(FG21,$B$157:$C$159,2,FALSE) -> 0 | FN21: =IF(FJ21="","",IF(FK21>0.049999,"",((6-ROUND(FK21*100,1))*0.01)*FH21)) | FO21: =IF(FN21="","",FN21*0.264172) | FQ21: =IF(FN21="",IF(FK21=0,"",FK21),"") | FR21: =$B21 -> 30-L4 | FS21: =$C21 -> GTS-120 | FT21: =$D21 -> 685 | FU21: =$E21 -> 5%-7% | FW21: =FV21*VLOOKUP(FS21,$B$157:$C$159,2,FALSE) -> 0 | FZ21: =IF(FV21="","",IF(FW21>0.049999,"",((6-ROUND(FW21*100,1))*0.01)*FT21)) | GA21: =IF(FZ21="","",FZ21*0.264172) | GC21: =IF(FZ21="",IF(FW21=0,"",FW21),"") | GD21: =SUM(EE21,EQ21,FC21,FO21,GA21) -> 0 | GE21: =EF21&ER21&FD21&FP21&GB21 | GF21: =$B21 -> 30-L4 | GG21: =$C21 -> GTS-120 | GH21: =$D21 -> 685 | GI21: =$E21 -> 5%-7% | GK21: =GJ21*VLOOKUP(GG21,$B$157:$C$159,2,FALSE) -> 0 | GN21: =IF(GJ21="","",IF(GK21>0.049999,"",((6-ROUND(GK21*100,1))*0.01)*GH21)) | GO21: =IF(GN21="","",GN21*0.264172) | GQ21: =IF(GN21="",IF(GK21=0,"",GK21),"") | GR21: =$B21 -> 30-L4 | GS21: =$C21 -> GTS-120 | GT21: =$D21 -> 685 | GU21: =$E21 -> 5%-7% | GW21: =GV21*VLOOKUP(GS21,$B$157:$C$159,2,FALSE) -> 0 | GZ21: =IF(GV21="","",IF(GW21>0.049999,"",((6-ROUND(GW21*100,1))*0.01)*GT21)) | HA21: =IF(GZ21="","",GZ21*0.264172) | HC21: =IF(GZ21="",IF(GW21=0,"",GW21),"") | HD21: =$B21 -> 30-L4 | HE21: =$C21 -> GTS-120 | HF21: =$D21 -> 685 | HG21: =$E21 -> 5%-7% | HI21: =HH21*VLOOKUP(HE21,$B$157:$C$159,2,FALSE) -> 0 | HL21: =IF(HH21="","",IF(HI21>0.049999,"",((6-ROUND(HI21*100,1))*0.01)*HF21)) | HM21: =IF(HL21="","",HL21*0.264172) | HO21: =IF(HL21="",IF(HI21=0,"",HI21),"") | HP21: =$B21 -> 30-L4 | HQ21: =$C21 -> GTS-120 | HR21: =$D21 -> 685 | HS21: =$E21 -> 5%-7% | HU21: =HT21*VLOOKUP(HQ21,$B$157:$C$159,2,FALSE) -> 0 | HX21: =IF(HT21="","",IF(HU21>0.049999,"",((6-ROUND(HU21*100,1))*0.01)*HR21)) | HY21: =IF(HX21="","",HX21*0.264172) | IA21: =IF(HX21="",IF(HU21=0,"",HU21),"") | IB21: =$B21 -> 30-L4 | IC21: =$C21 -> GTS-120 | ID21: =$D21 -> 685 | IE21: =$E21 -> 5%-7% | IG21: =IF21*VLOOKUP(IC21,$B$157:$C$159,2,FALSE) -> 0 | IJ21: =IF(IF21="","",IF(IG21>0.049999,"",((6-ROUND(IG21*100,1))*0.01)*ID21)) | IK21: =IF(IJ21="","",IJ21*0.264172) | IM21: =IF(IJ21="",IF(IG21=0,"",IG21),"") | IN21: =SUM(GO21,HA21,HM21,HY21,IK21) -> 0 | IO21: =GP21&HB21&HN21&HZ21&IL21 | IP21: =$B21 -> 30-L4 | IQ21: =$C21 -> GTS-120 | IR21: =$D21 -> 685 | IS21: =$E21 -> 5%-7% | IU21: =IT21*VLOOKUP(IQ21,$B$157:$C$159,2,FALSE) -> 0 | IX21: =IF(IT21="","",IF(IU21>0.049999,"",((6-ROUND(IU21*100,1))*0.01)*IR21)) | IY21: =IF(IX21="","",IX21*0.264172) | JA21: =IF(IX21="",IF(IU21=0,"",IU21),"") | JB21: =$B21 -> 30-L4 | JC21: =$C21 -> GTS-120 | JD21: =$D21 -> 685 | JE21: =$E21 -> 5%-7% | JG21: =JF21*VLOOKUP(JC21,$B$157:$C$159,2,FALSE) -> 0 | JJ21: =IF(JF21="","",IF(JG21>0.049999,"",((6-ROUND(JG21*100,1))*0.01)*JD21)) | JK21: =IF(JJ21="","",JJ21*0.264172) | JM21: =IF(JJ21="",IF(JG21=0,"",JG21),"") | JN21: =$B21 -> 30-L4 | JO21: =$C21 -> GTS-120 | JP21: =$D21 -> 685 | JQ21: =$E21 -> 5%-7% | JS21: =JR21*VLOOKUP(JO21,$B$157:$C$159,2,FALSE) -> 0 | JV21: =IF(JR21="","",IF(JS21>0.049999,"",((6-ROUND(JS21*100,1))*0.01)*JP21)) | JW21: =IF(JV21="","",JV21*0.264172) | JY21: =IF(JV21="",IF(JS21=0,"",JS21),"") | JZ21: =$B21 -> 30-L4 | KA21: =$C21 -> GTS-120 | KB21: =$D21 -> 685 | KC21: =$E21 -> 5%-7% | KE21: =KD21*VLOOKUP(KA21,$B$157:$C$159,2,FALSE) -> 0 | KH21: =IF(KD21="","",IF(KE21>0.049999,"",((6-ROUND(KE21*100,1))*0.01)*KB21)) | KI21: =IF(KH21="","",KH21*0.264172) | KK21: =IF(KH21="",IF(KE21=0,"",KE21),"") | KL21: =$B21 -> 30-L4 | KM21: =$C21 -> GTS-120 | KN21: =$D21 -> 685 | KO21: =$E21 -> 5%-7% | KQ21: =KP21*VLOOKUP(KM21,$B$157:$C$159,2,FALSE) -> 0 | KT21: =IF(KP21="","",IF(KQ21>0.049999,"",((6-ROUND(KQ21*100,1))*0.01)*KN21)) | KU21: =IF(KT21="","",KT21*0.264172) | KW21: =IF(KT21="",IF(KQ21=0,"",KQ21),"") | KX21: =SUM(IY21,JK21,JW21,KI21,KU21) -> 0 | KY21: =IZ21&JL21&JX21&KJ21&KV21
A22: MWTH-2 | B22: 50 A/B-L4 | C22: =VLOOKUP($B22,'OP Info'!$C$4:$J$62,4,FALSE) -> AQ-YB | D22: =VLOOKUP($B22,'OP Info'!$C$4:$J$62,3,FALSE) -> 3300 | E22: =CONCATENATE(VLOOKUP($B22,'OP Info'!$C$4:$J$62,5,FALSE),"%-",VLOOKUP($B22,'OP Info'!$C$4:$J$62,6,FALSE),"%") -> 5%-7% | G22: =F22*VLOOKUP(C22,$B$157:$C$159,2,FALSE) -> 0 | J22: =IF(F22="","",IF(G22>0.049999,"",((6-ROUND(G22*100,1))*0.01)*D22)) | K22: =IF(J22="","",J22*0.264172) | M22: =IF(J22="",IF(G22=0,"",G22),"") | N22: =$B22 -> 50 A/B-L4 | O22: =$C22 -> AQ-YB | P22: =$D22 -> 3300 | Q22: =$E22 -> 5%-7% | S22: =R22*VLOOKUP(O22,$B$157:$C$159,2,FALSE) -> 0 | V22: =IF(R22="","",IF(S22>0.049999,"",((6-ROUND(S22*100,1))*0.01)*P22)) | W22: =IF(V22="","",V22*0.264172) | Y22: =IF(V22="",IF(S22=0,"",S22),"") | Z22: =$B22 -> 50 A/B-L4 | AA22: =$C22 -> AQ-YB | AB22: =$D22 -> 3300 | AC22: =$E22 -> 5%-7% | AE22: =AD22*VLOOKUP(AA22,$B$157:$C$159,2,FALSE) -> 0 | AH22: =IF(AD22="","",IF(AE22>0.049999,"",((6-ROUND(AE22*100,1))*0.01)*AB22)) | AI22: =IF(AH22="","",AH22*0.264172) | AK22: =IF(AH22="",IF(AE22=0,"",AE22),"") | AL22: =$B22 -> 50 A/B-L4 | AM22: =$C22 -> AQ-YB | AN22: =$D22 -> 3300 | AO22: =$E22 -> 5%-7% | AQ22: =AP22*VLOOKUP(AM22,$B$157:$C$159,2,FALSE) -> 0 | AT22: =IF(AP22="","",IF(AQ22>0.049999,"",((6-ROUND(AQ22*100,1))*0.01)*AN22)) | AU22: =IF(AT22="","",AT22*0.264172) | AW22: =IF(AT22="",IF(AQ22=0,"",AQ22),"") | AX22: =$B22 -> 50 A/B-L4 | AY22: =$C22 -> AQ-YB | AZ22: =$D22 -> 3300 | BA22: =$E22 -> 5%-7% | BC22: =BB22*VLOOKUP(AY22,$B$157:$C$159,2,FALSE) -> 0 | BF22: =IF(BB22="","",IF(BC22>0.049999,"",((6-ROUND(BC22*100,1))*0.01)*AZ22)) | BG22: =IF(BF22="","",BF22*0.264172) | BI22: =IF(BF22="",IF(BC22=0,"",BC22),"") | BJ22: =SUM(K22,W22,AI22,AU22,BG22) -> 0 | BK22: =L22&X22&AJ22&AV22&BH22 | BL22: =$B22 -> 50 A/B-L4 | BM22: =$C22 -> AQ-YB | BN22: =$D22 -> 3300 | BO22: =$E22 -> 5%-7% | BQ22: =BP22*VLOOKUP(BM22,$B$157:$C$159,2,FALSE) -> 0 | BT22: =IF(BP22="","",IF(BQ22>0.049999,"",((6-ROUND(BQ22*100,1))*0.01)*BN22)) | BU22: =IF(BT22="","",BT22*0.264172) | BW22: =IF(BT22="",IF(BQ22=0,"",BQ22),"") | BX22: =$B22 -> 50 A/B-L4 | BY22: =$C22 -> AQ-YB | BZ22: =$D22 -> 3300 | CA22: =$E22 -> 5%-7% | CC22: =CB22*VLOOKUP(BY22,$B$157:$C$159,2,FALSE) -> 0 | CF22: =IF(CB22="","",IF(CC22>0.049999,"",((6-ROUND(CC22*100,1))*0.01)*BZ22)) | CG22: =IF(CF22="","",CF22*0.264172) | CI22: =IF(CF22="",IF(CC22=0,"",CC22),"") | CJ22: =$B22 -> 50 A/B-L4 | CK22: =$C22 -> AQ-YB | CL22: =$D22 -> 3300 | CM22: =$E22 -> 5%-7% | CO22: =CN22*VLOOKUP(CK22,$B$157:$C$159,2,FALSE) -> 0 | CR22: =IF(CN22="","",IF(CO22>0.049999,"",((6-ROUND(CO22*100,1))*0.01)*CL22)) | CS22: =IF(CR22="","",CR22*0.264172) | CU22: =IF(CR22="",IF(CO22=0,"",CO22),"") | CV22: =$B22 -> 50 A/B-L4 | CW22: =$C22 -> AQ-YB | CX22: =$D22 -> 3300 | CY22: =$E22 -> 5%-7% | DA22: =CZ22*VLOOKUP(CW22,$B$157:$C$159,2,FALSE) -> 0 | DD22: =IF(CZ22="","",IF(DA22>0.049999,"",((6-ROUND(DA22*100,1))*0.01)*CX22)) | DE22: =IF(DD22="","",DD22*0.264172) | DG22: =IF(DD22="",IF(DA22=0,"",DA22),"") | DH22: =$B22 -> 50 A/B-L4 | DI22: =$C22 -> AQ-YB | DJ22: =$D22 -> 3300 | DK22: =$E22 -> 5%-7% | DM22: =DL22*VLOOKUP(DI22,$B$157:$C$159,2,FALSE) -> 0 | DP22: =IF(DL22="","",IF(DM22>0.049999,"",((6-ROUND(DM22*100,1))*0.01)*DJ22)) | DQ22: =IF(DP22="","",DP22*0.264172) | DS22: =IF(DP22="",IF(DM22=0,"",DM22),"") | DT22: =SUM(BU22,CG22,CS22,DE22,DQ22) -> 0 | DU22: =BV22&CH22&CT22&DF22&DR22 | DV22: =$B22 -> 50 A/B-L4 | DW22: =$C22 -> AQ-YB | DX22: =$D22 -> 3300 | DY22: =$E22 -> 5%-7% | EA22: =DZ22*VLOOKUP(DW22,$B$157:$C$159,2,FALSE) -> 0 | ED22: =IF(DZ22="","",IF(EA22>0.049999,"",((6-ROUND(EA22*100,1))*0.01)*DX22)) | EE22: =IF(ED22="","",ED22*0.264172) | EG22: =IF(ED22="",IF(EA22=0,"",EA22),"") | EH22: =$B22 -> 50 A/B-L4 | EI22: =$C22 -> AQ-YB | EJ22: =$D22 -> 3300 | EK22: =$E22 -> 5%-7% | EM22: =EL22*VLOOKUP(EI22,$B$157:$C$159,2,FALSE) -> 0 | EP22: =IF(EL22="","",IF(EM22>0.049999,"",((6-ROUND(EM22*100,1))*0.01)*EJ22)) | EQ22: =IF(EP22="","",EP22*0.264172) | ES22: =IF(EP22="",IF(EM22=0,"",EM22),"") | ET22: =$B22 -> 50 A/B-L4 | EU22: =$C22 -> AQ-YB | EV22: =$D22 -> 3300 | EW22: =$E22 -> 5%-7% | EY22: =EX22*VLOOKUP(EU22,$B$157:$C$159,2,FALSE) -> 0 | FB22: =IF(EX22="","",IF(EY22>0.049999,"",((6-ROUND(EY22*100,1))*0.01)*EV22)) | FC22: =IF(FB22="","",FB22*0.264172) | FE22: =IF(FB22="",IF(EY22=0,"",EY22),"") | FF22: =$B22 -> 50 A/B-L4 | FG22: =$C22 -> AQ-YB | FH22: =$D22 -> 3300 | FI22: =$E22 -> 5%-7% | FK22: =FJ22*VLOOKUP(FG22,$B$157:$C$159,2,FALSE) -> 0 | FN22: =IF(FJ22="","",IF(FK22>0.049999,"",((6-ROUND(FK22*100,1))*0.01)*FH22)) | FO22: =IF(FN22="","",FN22*0.264172) | FQ22: =IF(FN22="",IF(FK22=0,"",FK22),"") | FR22: =$B22 -> 50 A/B-L4 | FS22: =$C22 -> AQ-YB | FT22: =$D22 -> 3300 | FU22: =$E22 -> 5%-7% | FW22: =FV22*VLOOKUP(FS22,$B$157:$C$159,2,FALSE) -> 0 | FZ22: =IF(FV22="","",IF(FW22>0.049999,"",((6-ROUND(FW22*100,1))*0.01)*FT22)) | GA22: =IF(FZ22="","",FZ22*0.264172) | GC22: =IF(FZ22="",IF(FW22=0,"",FW22),"") | GD22: =SUM(EE22,EQ22,FC22,FO22,GA22) -> 0 | GE22: =EF22&ER22&FD22&FP22&GB22 | GF22: =$B22 -> 50 A/B-L4 | GG22: =$C22 -> AQ-YB | GH22: =$D22 -> 3300 | GI22: =$E22 -> 5%-7% | GK22: =GJ22*VLOOKUP(GG22,$B$157:$C$159,2,FALSE) -> 0 | GN22: =IF(GJ22="","",IF(GK22>0.049999,"",((6-ROUND(GK22*100,1))*0.01)*GH22)) | GO22: =IF(GN22="","",GN22*0.264172) | GQ22: =IF(GN22="",IF(GK22=0,"",GK22),"") | GR22: =$B22 -> 50 A/B-L4 | GS22: =$C22 -> AQ-YB | GT22: =$D22 -> 3300 | GU22: =$E22 -> 5%-7% | GW22: =GV22*VLOOKUP(GS22,$B$157:$C$159,2,FALSE) -> 0 | GZ22: =IF(GV22="","",IF(GW22>0.049999,"",((6-ROUND(GW22*100,1))*0.01)*GT22)) | HA22: =IF(GZ22="","",GZ22*0.264172) | HC22: =IF(GZ22="",IF(GW22=0,"",GW22),"") | HD22: =$B22 -> 50 A/B-L4 | HE22: =$C22 -> AQ-YB | HF22: =$D22 -> 3300 | HG22: =$E22 -> 5%-7% | HI22: =HH22*VLOOKUP(HE22,$B$157:$C$159,2,FALSE) -> 0 | HL22: =IF(HH22="","",IF(HI22>0.049999,"",((6-ROUND(HI22*100,1))*0.01)*HF22)) | HM22: =IF(HL22="","",HL22*0.264172) | HO22: =IF(HL22="",IF(HI22=0,"",HI22),"") | HP22: =$B22 -> 50 A/B-L4 | HQ22: =$C22 -> AQ-YB | HR22: =$D22 -> 3300 | HS22: =$E22 -> 5%-7% | HU22: =HT22*VLOOKUP(HQ22,$B$157:$C$159,2,FALSE) -> 0 | HX22: =IF(HT22="","",IF(HU22>0.049999,"",((6-ROUND(HU22*100,1))*0.01)*HR22)) | HY22: =IF(HX22="","",HX22*0.264172) | IA22: =IF(HX22="",IF(HU22=0,"",HU22),"") | IB22: =$B22 -> 50 A/B-L4 | IC22: =$C22 -> AQ-YB | ID22: =$D22 -> 3300 | IE22: =$E22 -> 5%-7% | IG22: =IF22*VLOOKUP(IC22,$B$157:$C$159,2,FALSE) -> 0 | IJ22: =IF(IF22="","",IF(IG22>0.049999,"",((6-ROUND(IG22*100,1))*0.01)*ID22)) | IK22: =IF(IJ22="","",IJ22*0.264172) | IM22: =IF(IJ22="",IF(IG22=0,"",IG22),"") | IN22: =SUM(GO22,HA22,HM22,HY22,IK22) -> 0 | IO22: =GP22&HB22&HN22&HZ22&IL22 | IP22: =$B22 -> 50 A/B-L4 | IQ22: =$C22 -> AQ-YB | IR22: =$D22 -> 3300 | IS22: =$E22 -> 5%-7% | IU22: =IT22*VLOOKUP(IQ22,$B$157:$C$159,2,FALSE) -> 0 | IX22: =IF(IT22="","",IF(IU22>0.049999,"",((6-ROUND(IU22*100,1))*0.01)*IR22)) | IY22: =IF(IX22="","",IX22*0.264172) | JA22: =IF(IX22="",IF(IU22=0,"",IU22),"") | JB22: =$B22 -> 50 A/B-L4 | JC22: =$C22 -> AQ-YB | JD22: =$D22 -> 3300 | JE22: =$E22 -> 5%-7% | JG22: =JF22*VLOOKUP(JC22,$B$157:$C$159,2,FALSE) -> 0 | JJ22: =IF(JF22="","",IF(JG22>0.049999,"",((6-ROUND(JG22*100,1))*0.01)*JD22)) | JK22: =IF(JJ22="","",JJ22*0.264172) | JM22: =IF(JJ22="",IF(JG22=0,"",JG22),"") | JN22: =$B22 -> 50 A/B-L4 | JO22: =$C22 -> AQ-YB | JP22: =$D22 -> 3300 | JQ22: =$E22 -> 5%-7% | JS22: =JR22*VLOOKUP(JO22,$B$157:$C$159,2,FALSE) -> 0 | JV22: =IF(JR22="","",IF(JS22>0.049999,"",((6-ROUND(JS22*100,1))*0.01)*JP22)) | JW22: =IF(JV22="","",JV22*0.264172) | JY22: =IF(JV22="",IF(JS22=0,"",JS22),"") | JZ22: =$B22 -> 50 A/B-L4 | KA22: =$C22 -> AQ-YB | KB22: =$D22 -> 3300 | KC22: =$E22 -> 5%-7% | KE22: =KD22*VLOOKUP(KA22,$B$157:$C$159,2,FALSE) -> 0 | KH22: =IF(KD22="","",IF(KE22>0.049999,"",((6-ROUND(KE22*100,1))*0.01)*KB22)) | KI22: =IF(KH22="","",KH22*0.264172) | KK22: =IF(KH22="",IF(KE22=0,"",KE22),"") | KL22: =$B22 -> 50 A/B-L4 | KM22: =$C22 -> AQ-YB | KN22: =$D22 -> 3300 | KO22: =$E22 -> 5%-7% | KQ22: =KP22*VLOOKUP(KM22,$B$157:$C$159,2,FALSE) -> 0 | KT22: =IF(KP22="","",IF(KQ22>0.049999,"",((6-ROUND(KQ22*100,1))*0.01)*KN22)) | KU22: =IF(KT22="","",KT22*0.264172) | KW22: =IF(KT22="",IF(KQ22=0,"",KQ22),"") | KX22: =SUM(IY22,JK22,JW22,KI22,KU22) -> 0 | KY22: =IZ22&JL22&JX22&KJ22&KV22
A23: MWTH-2 | B23: 10-L5 | C23: =VLOOKUP($B23,'OP Info'!$C$4:$J$62,4,FALSE) -> GTS-120 | D23: =VLOOKUP($B23,'OP Info'!$C$4:$J$62,3,FALSE) -> 575 | E23: =CONCATENATE(VLOOKUP($B23,'OP Info'!$C$4:$J$62,5,FALSE),"%-",VLOOKUP($B23,'OP Info'!$C$4:$J$62,6,FALSE),"%") -> 5%-7% | G23: =F23*VLOOKUP(C23,$B$157:$C$159,2,FALSE) -> 0 | J23: =IF(F23="","",IF(G23>0.049999,"",((6-ROUND(G23*100,1))*0.01)*D23)) | K23: =IF(J23="","",J23*0.264172) | M23: =IF(J23="",IF(G23=0,"",G23),"") | N23: =$B23 -> 10-L5 | O23: =$C23 -> GTS-120 | P23: =$D23 -> 575 | Q23: =$E23 -> 5%-7% | S23: =R23*VLOOKUP(O23,$B$157:$C$159,2,FALSE) -> 0 | V23: =IF(R23="","",IF(S23>0.049999,"",((6-ROUND(S23*100,1))*0.01)*P23)) | W23: =IF(V23="","",V23*0.264172) | Y23: =IF(V23="",IF(S23=0,"",S23),"") | Z23: =$B23 -> 10-L5 | AA23: =$C23 -> GTS-120 | AB23: =$D23 -> 575 | AC23: =$E23 -> 5%-7% | AE23: =AD23*VLOOKUP(AA23,$B$157:$C$159,2,FALSE) -> 0 | AH23: =IF(AD23="","",IF(AE23>0.049999,"",((6-ROUND(AE23*100,1))*0.01)*AB23)) | AI23: =IF(AH23="","",AH23*0.264172) | AK23: =IF(AH23="",IF(AE23=0,"",AE23),"") | AL23: =$B23 -> 10-L5 | AM23: =$C23 -> GTS-120 | AN23: =$D23 -> 575 | AO23: =$E23 -> 5%-7% | AQ23: =AP23*VLOOKUP(AM23,$B$157:$C$159,2,FALSE) -> 0 | AT23: =IF(AP23="","",IF(AQ23>0.049999,"",((6-ROUND(AQ23*100,1))*0.01)*AN23)) | AU23: =IF(AT23="","",AT23*0.264172) | AW23: =IF(AT23="",IF(AQ23=0,"",AQ23),"") | AX23: =$B23 -> 10-L5 | AY23: =$C23 -> GTS-120 | AZ23: =$D23 -> 575 | BA23: =$E23 -> 5%-7% | BC23: =BB23*VLOOKUP(AY23,$B$157:$C$159,2,FALSE) -> 0 | BF23: =IF(BB23="","",IF(BC23>0.049999,"",((6-ROUND(BC23*100,1))*0.01)*AZ23)) | BG23: =IF(BF23="","",BF23*0.264172) | BI23: =IF(BF23="",IF(BC23=0,"",BC23),"") | BJ23: =SUM(K23,W23,AI23,AU23,BG23) -> 0 | BK23: =L23&X23&AJ23&AV23&BH23 | BL23: =$B23 -> 10-L5 | BM23: =$C23 -> GTS-120 | BN23: =$D23 -> 575 | BO23: =$E23 -> 5%-7% | BQ23: =BP23*VLOOKUP(BM23,$B$157:$C$159,2,FALSE) -> 0 | BT23: =IF(BP23="","",IF(BQ23>0.049999,"",((6-ROUND(BQ23*100,1))*0.01)*BN23)) | BU23: =IF(BT23="","",BT23*0.264172) | BW23: =IF(BT23="",IF(BQ23=0,"",BQ23),"") | BX23: =$B23 -> 10-L5 | BY23: =$C23 -> GTS-120 | BZ23: =$D23 -> 575 | CA23: =$E23 -> 5%-7% | CC23: =CB23*VLOOKUP(BY23,$B$157:$C$159,2,FALSE) -> 0 | CF23: =IF(CB23="","",IF(CC23>0.049999,"",((6-ROUND(CC23*100,1))*0.01)*BZ23)) | CG23: =IF(CF23="","",CF23*0.264172) | CI23: =IF(CF23="",IF(CC23=0,"",CC23),"") | CJ23: =$B23 -> 10-L5 | CK23: =$C23 -> GTS-120 | CL23: =$D23 -> 575 | CM23: =$E23 -> 5%-7% | CO23: =CN23*VLOOKUP(CK23,$B$157:$C$159,2,FALSE) -> 0 | CR23: =IF(CN23="","",IF(CO23>0.049999,"",((6-ROUND(CO23*100,1))*0.01)*CL23)) | CS23: =IF(CR23="","",CR23*0.264172) | CU23: =IF(CR23="",IF(CO23=0,"",CO23),"") | CV23: =$B23 -> 10-L5 | CW23: =$C23 -> GTS-120 | CX23: =$D23 -> 575 | CY23: =$E23 -> 5%-7% | DA23: =CZ23*VLOOKUP(CW23,$B$157:$C$159,2,FALSE) -> 0 | DD23: =IF(CZ23="","",IF(DA23>0.049999,"",((6-ROUND(DA23*100,1))*0.01)*CX23)) | DE23: =IF(DD23="","",DD23*0.264172) | DG23: =IF(DD23="",IF(DA23=0,"",DA23),"") | DH23: =$B23 -> 10-L5 | DI23: =$C23 -> GTS-120 | DJ23: =$D23 -> 575 | DK23: =$E23 -> 5%-7% | DM23: =DL23*VLOOKUP(DI23,$B$157:$C$159,2,FALSE) -> 0 | DP23: =IF(DL23="","",IF(DM23>0.049999,"",((6-ROUND(DM23*100,1))*0.01)*DJ23)) | DQ23: =IF(DP23="","",DP23*0.264172) | DS23: =IF(DP23="",IF(DM23=0,"",DM23),"") | DT23: =SUM(BU23,CG23,CS23,DE23,DQ23) -> 0 | DU23: =BV23&CH23&CT23&DF23&DR23 | DV23: =$B23 -> 10-L5 | DW23: =$C23 -> GTS-120 | DX23: =$D23 -> 575 | DY23: =$E23 -> 5%-7% | EA23: =DZ23*VLOOKUP(DW23,$B$157:$C$159,2,FALSE) -> 0 | ED23: =IF(DZ23="","",IF(EA23>0.049999,"",((6-ROUND(EA23*100,1))*0.01)*DX23)) | EE23: =IF(ED23="","",ED23*0.264172) | EG23: =IF(ED23="",IF(EA23=0,"",EA23),"") | EH23: =$B23 -> 10-L5 | EI23: =$C23 -> GTS-120 | EJ23: =$D23 -> 575 | EK23: =$E23 -> 5%-7% | EM23: =EL23*VLOOKUP(EI23,$B$157:$C$159,2,FALSE) -> 0 | EP23: =IF(EL23="","",IF(EM23>0.049999,"",((6-ROUND(EM23*100,1))*0.01)*EJ23)) | EQ23: =IF(EP23="","",EP23*0.264172) | ES23: =IF(EP23="",IF(EM23=0,"",EM23),"") | ET23: =$B23 -> 10-L5 | EU23: =$C23 -> GTS-120 | EV23: =$D23 -> 575 | EW23: =$E23 -> 5%-7% | EY23: =EX23*VLOOKUP(EU23,$B$157:$C$159,2,FALSE) -> 0 | FB23: =IF(EX23="","",IF(EY23>0.049999,"",((6-ROUND(EY23*100,1))*0.01)*EV23)) | FC23: =IF(FB23="","",FB23*0.264172) | FE23: =IF(FB23="",IF(EY23=0,"",EY23),"") | FF23: =$B23 -> 10-L5 | FG23: =$C23 -> GTS-120 | FH23: =$D23 -> 575 | FI23: =$E23 -> 5%-7% | FK23: =FJ23*VLOOKUP(FG23,$B$157:$C$159,2,FALSE) -> 0 | FN23: =IF(FJ23="","",IF(FK23>0.049999,"",((6-ROUND(FK23*100,1))*0.01)*FH23)) | FO23: =IF(FN23="","",FN23*0.264172) | FQ23: =IF(FN23="",IF(FK23=0,"",FK23),"") | FR23: =$B23 -> 10-L5 | FS23: =$C23 -> GTS-120 | FT23: =$D23 -> 575 | FU23: =$E23 -> 5%-7% | FW23: =FV23*VLOOKUP(FS23,$B$157:$C$159,2,FALSE) -> 0 | FZ23: =IF(FV23="","",IF(FW23>0.049999,"",((6-ROUND(FW23*100,1))*0.01)*FT23)) | GA23: =IF(FZ23="","",FZ23*0.264172) | GC23: =IF(FZ23="",IF(FW23=0,"",FW23),"") | GD23: =SUM(EE23,EQ23,FC23,FO23,GA23) -> 0 | GE23: =EF23&ER23&FD23&FP23&GB23 | GF23: =$B23 -> 10-L5 | GG23: =$C23 -> GTS-120 | GH23: =$D23 -> 575 | GI23: =$E23 -> 5%-7% | GK23: =GJ23*VLOOKUP(GG23,$B$157:$C$159,2,FALSE) -> 0 | GN23: =IF(GJ23="","",IF(GK23>0.049999,"",((6-ROUND(GK23*100,1))*0.01)*GH23)) | GO23: =IF(GN23="","",GN23*0.264172) | GQ23: =IF(GN23="",IF(GK23=0,"",GK23),"") | GR23: =$B23 -> 10-L5 | GS23: =$C23 -> GTS-120 | GT23: =$D23 -> 575 | GU23: =$E23 -> 5%-7% | GW23: =GV23*VLOOKUP(GS23,$B$157:$C$159,2,FALSE) -> 0 | GZ23: =IF(GV23="","",IF(GW23>0.049999,"",((6-ROUND(GW23*100,1))*0.01)*GT23)) | HA23: =IF(GZ23="","",GZ23*0.264172) | HC23: =IF(GZ23="",IF(GW23=0,"",GW23),"") | HD23: =$B23 -> 10-L5 | HE23: =$C23 -> GTS-120 | HF23: =$D23 -> 575 | HG23: =$E23 -> 5%-7% | HI23: =HH23*VLOOKUP(HE23,$B$157:$C$159,2,FALSE) -> 0 | HL23: =IF(HH23="","",IF(HI23>0.049999,"",((6-ROUND(HI23*100,1))*0.01)*HF23)) | HM23: =IF(HL23="","",HL23*0.264172) | HO23: =IF(HL23="",IF(HI23=0,"",HI23),"") | HP23: =$B23 -> 10-L5 | HQ23: =$C23 -> GTS-120 | HR23: =$D23 -> 575 | HS23: =$E23 -> 5%-7% | HU23: =HT23*VLOOKUP(HQ23,$B$157:$C$159,2,FALSE) -> 0 | HX23: =IF(HT23="","",IF(HU23>0.049999,"",((6-ROUND(HU23*100,1))*0.01)*HR23)) | HY23: =IF(HX23="","",HX23*0.264172) | IA23: =IF(HX23="",IF(HU23=0,"",HU23),"") | IB23: =$B23 -> 10-L5 | IC23: =$C23 -> GTS-120 | ID23: =$D23 -> 575 | IE23: =$E23 -> 5%-7% | IG23: =IF23*VLOOKUP(IC23,$B$157:$C$159,2,FALSE) -> 0 | IJ23: =IF(IF23="","",IF(IG23>0.049999,"",((6-ROUND(IG23*100,1))*0.01)*ID23)) | IK23: =IF(IJ23="","",IJ23*0.264172) | IM23: =IF(IJ23="",IF(IG23=0,"",IG23),"") | IN23: =SUM(GO23,HA23,HM23,HY23,IK23) -> 0 | IO23: =GP23&HB23&HN23&HZ23&IL23 | IP23: =$B23 -> 10-L5 | IQ23: =$C23 -> GTS-120 | IR23: =$D23 -> 575 | IS23: =$E23 -> 5%-7% | IU23: =IT23*VLOOKUP(IQ23,$B$157:$C$159,2,FALSE) -> 0 | IX23: =IF(IT23="","",IF(IU23>0.049999,"",((6-ROUND(IU23*100,1))*0.01)*IR23)) | IY23: =IF(IX23="","",IX23*0.264172) | JA23: =IF(IX23="",IF(IU23=0,"",IU23),"") | JB23: =$B23 -> 10-L5 | JC23: =$C23 -> GTS-120 | JD23: =$D23 -> 575 | JE23: =$E23 -> 5%-7% | JG23: =JF23*VLOOKUP(JC23,$B$157:$C$159,2,FALSE) -> 0 | JJ23: =IF(JF23="","",IF(JG23>0.049999,"",((6-ROUND(JG23*100,1))*0.01)*JD23)) | JK23: =IF(JJ23="","",JJ23*0.264172) | JM23: =IF(JJ23="",IF(JG23=0,"",JG23),"") | JN23: =$B23 -> 10-L5 | JO23: =$C23 -> GTS-120 | JP23: =$D23 -> 575 | JQ23: =$E23 -> 5%-7% | JS23: =JR23*VLOOKUP(JO23,$B$157:$C$159,2,FALSE) -> 0 | JV23: =IF(JR23="","",IF(JS23>0.049999,"",((6-ROUND(JS23*100,1))*0.01)*JP23)) | JW23: =IF(JV23="","",JV23*0.264172) | JY23: =IF(JV23="",IF(JS23=0,"",JS23),"") | JZ23: =$B23 -> 10-L5 | KA23: =$C23 -> GTS-120 | KB23: =$D23 -> 575 | KC23: =$E23 -> 5%-7% | KE23: =KD23*VLOOKUP(KA23,$B$157:$C$159,2,FALSE) -> 0 | KH23: =IF(KD23="","",IF(KE23>0.049999,"",((6-ROUND(KE23*100,1))*0.01)*KB23)) | KI23: =IF(KH23="","",KH23*0.264172) | KK23: =IF(KH23="",IF(KE23=0,"",KE23),"") | KL23: =$B23 -> 10-L5 | KM23: =$C23 -> GTS-120 | KN23: =$D23 -> 575 | KO23: =$E23 -> 5%-7% | KQ23: =KP23*VLOOKUP(KM23,$B$157:$C$159,2,FALSE) -> 0 | KT23: =IF(KP23="","",IF(KQ23>0.049999,"",((6-ROUND(KQ23*100,1))*0.01)*KN23)) | KU23: =IF(KT23="","",KT23*0.264172) | KW23: =IF(KT23="",IF(KQ23=0,"",KQ23),"") | KX23: =SUM(IY23,JK23,JW23,KI23,KU23) -> 0 | KY23: =IZ23&JL23&JX23&KJ23&KV23
A24: MWTH-2 | B24: 20-L5 | C24: =VLOOKUP($B24,'OP Info'!$C$4:$J$62,4,FALSE) -> GTS-120 | D24: =VLOOKUP($B24,'OP Info'!$C$4:$J$62,3,FALSE) -> 630 | E24: =CONCATENATE(VLOOKUP($B24,'OP Info'!$C$4:$J$62,5,FALSE),"%-",VLOOKUP($B24,'OP Info'!$C$4:$J$62,6,FALSE),"%") -> 5%-7% | G24: =F24*VLOOKUP(C24,$B$157:$C$159,2,FALSE) -> 0 | J24: =IF(F24="","",IF(G24>0.049999,"",((6-ROUND(G24*100,1))*0.01)*D24)) | K24: =IF(J24="","",J24*0.264172) | M24: =IF(J24="",IF(G24=0,"",G24),"") | N24: =$B24 -> 20-L5 | O24: =$C24 -> GTS-120 | P24: =$D24 -> 630 | Q24: =$E24 -> 5%-7% | S24: =R24*VLOOKUP(O24,$B$157:$C$159,2,FALSE) -> 0 | V24: =IF(R24="","",IF(S24>0.049999,"",((6-ROUND(S24*100,1))*0.01)*P24)) | W24: =IF(V24="","",V24*0.264172) | Y24: =IF(V24="",IF(S24=0,"",S24),"") | Z24: =$B24 -> 20-L5 | AA24: =$C24 -> GTS-120 | AB24: =$D24 -> 630 | AC24: =$E24 -> 5%-7% | AE24: =AD24*VLOOKUP(AA24,$B$157:$C$159,2,FALSE) -> 0 | AH24: =IF(AD24="","",IF(AE24>0.049999,"",((6-ROUND(AE24*100,1))*0.01)*AB24)) | AI24: =IF(AH24="","",AH24*0.264172) | AK24: =IF(AH24="",IF(AE24=0,"",AE24),"") | AL24: =$B24 -> 20-L5 | AM24: =$C24 -> GTS-120 | AN24: =$D24 -> 630 | AO24: =$E24 -> 5%-7% | AQ24: =AP24*VLOOKUP(AM24,$B$157:$C$159,2,FALSE) -> 0 | AT24: =IF(AP24="","",IF(AQ24>0.049999,"",((6-ROUND(AQ24*100,1))*0.01)*AN24)) | AU24: =IF(AT24="","",AT24*0.264172) | AW24: =IF(AT24="",IF(AQ24=0,"",AQ24),"") | AX24: =$B24 -> 20-L5 | AY24: =$C24 -> GTS-120 | AZ24: =$D24 -> 630 | BA24: =$E24 -> 5%-7% | BC24: =BB24*VLOOKUP(AY24,$B$157:$C$159,2,FALSE) -> 0 | BF24: =IF(BB24="","",IF(BC24>0.049999,"",((6-ROUND(BC24*100,1))*0.01)*AZ24)) | BG24: =IF(BF24="","",BF24*0.264172) | BI24: =IF(BF24="",IF(BC24=0,"",BC24),"") | BJ24: =SUM(K24,W24,AI24,AU24,BG24) -> 0 | BK24: =L24&X24&AJ24&AV24&BH24 | BL24: =$B24 -> 20-L5 | BM24: =$C24 -> GTS-120 | BN24: =$D24 -> 630 | BO24: =$E24 -> 5%-7% | BQ24: =BP24*VLOOKUP(BM24,$B$157:$C$159,2,FALSE) -> 0 | BT24: =IF(BP24="","",IF(BQ24>0.049999,"",((6-ROUND(BQ24*100,1))*0.01)*BN24)) | BU24: =IF(BT24="","",BT24*0.264172) | BW24: =IF(BT24="",IF(BQ24=0,"",BQ24),"") | BX24: =$B24 -> 20-L5 | BY24: =$C24 -> GTS-120 | BZ24: =$D24 -> 630 | CA24: =$E24 -> 5%-7% | CC24: =CB24*VLOOKUP(BY24,$B$157:$C$159,2,FALSE) -> 0 | CF24: =IF(CB24="","",IF(CC24>0.049999,"",((6-ROUND(CC24*100,1))*0.01)*BZ24)) | CG24: =IF(CF24="","",CF24*0.264172) | CI24: =IF(CF24="",IF(CC24=0,"",CC24),"") | CJ24: =$B24 -> 20-L5 | CK24: =$C24 -> GTS-120 | CL24: =$D24 -> 630 | CM24: =$E24 -> 5%-7% | CO24: =CN24*VLOOKUP(CK24,$B$157:$C$159,2,FALSE) -> 0 | CR24: =IF(CN24="","",IF(CO24>0.049999,"",((6-ROUND(CO24*100,1))*0.01)*CL24)) | CS24: =IF(CR24="","",CR24*0.264172) | CU24: =IF(CR24="",IF(CO24=0,"",CO24),"") | CV24: =$B24 -> 20-L5 | CW24: =$C24 -> GTS-120 | CX24: =$D24 -> 630 | CY24: =$E24 -> 5%-7% | DA24: =CZ24*VLOOKUP(CW24,$B$157:$C$159,2,FALSE) -> 0 | DD24: =IF(CZ24="","",IF(DA24>0.049999,"",((6-ROUND(DA24*100,1))*0.01)*CX24)) | DE24: =IF(DD24="","",DD24*0.264172) | DG24: =IF(DD24="",IF(DA24=0,"",DA24),"") | DH24: =$B24 -> 20-L5 | DI24: =$C24 -> GTS-120 | DJ24: =$D24 -> 630 | DK24: =$E24 -> 5%-7% | DM24: =DL24*VLOOKUP(DI24,$B$157:$C$159,2,FALSE) -> 0 | DP24: =IF(DL24="","",IF(DM24>0.049999,"",((6-ROUND(DM24*100,1))*0.01)*DJ24)) | DQ24: =IF(DP24="","",DP24*0.264172) | DS24: =IF(DP24="",IF(DM24=0,"",DM24),"") | DT24: =SUM(BU24,CG24,CS24,DE24,DQ24) -> 0 | DU24: =BV24&CH24&CT24&DF24&DR24 | DV24: =$B24 -> 20-L5 | DW24: =$C24 -> GTS-120 | DX24: =$D24 -> 630 | DY24: =$E24 -> 5%-7% | EA24: =DZ24*VLOOKUP(DW24,$B$157:$C$159,2,FALSE) -> 0 | ED24: =IF(DZ24="","",IF(EA24>0.049999,"",((6-ROUND(EA24*100,1))*0.01)*DX24)) | EE24: =IF(ED24="","",ED24*0.264172) | EG24: =IF(ED24="",IF(EA24=0,"",EA24),"") | EH24: =$B24 -> 20-L5 | EI24: =$C24 -> GTS-120 | EJ24: =$D24 -> 630 | EK24: =$E24 -> 5%-7% | EM24: =EL24*VLOOKUP(EI24,$B$157:$C$159,2,FALSE) -> 0 | EP24: =IF(EL24="","",IF(EM24>0.049999,"",((6-ROUND(EM24*100,1))*0.01)*EJ24)) | EQ24: =IF(EP24="","",EP24*0.264172) | ES24: =IF(EP24="",IF(EM24=0,"",EM24),"") | ET24: =$B24 -> 20-L5 | EU24: =$C24 -> GTS-120 | EV24: =$D24 -> 630 | EW24: =$E24 -> 5%-7% | EY24: =EX24*VLOOKUP(EU24,$B$157:$C$159,2,FALSE) -> 0 | FB24: =IF(EX24="","",IF(EY24>0.049999,"",((6-ROUND(EY24*100,1))*0.01)*EV24)) | FC24: =IF(FB24="","",FB24*0.264172) | FE24: =IF(FB24="",IF(EY24=0,"",EY24),"") | FF24: =$B24 -> 20-L5 | FG24: =$C24 -> GTS-120 | FH24: =$D24 -> 630 | FI24: =$E24 -> 5%-7% | FK24: =FJ24*VLOOKUP(FG24,$B$157:$C$159,2,FALSE) -> 0 | FN24: =IF(FJ24="","",IF(FK24>0.049999,"",((6-ROUND(FK24*100,1))*0.01)*FH24)) | FO24: =IF(FN24="","",FN24*0.264172) | FQ24: =IF(FN24="",IF(FK24=0,"",FK24),"") | FR24: =$B24 -> 20-L5 | FS24: =$C24 -> GTS-120 | FT24: =$D24 -> 630 | FU24: =$E24 -> 5%-7% | FW24: =FV24*VLOOKUP(FS24,$B$157:$C$159,2,FALSE) -> 0 | FZ24: =IF(FV24="","",IF(FW24>0.049999,"",((6-ROUND(FW24*100,1))*0.01)*FT24)) | GA24: =IF(FZ24="","",FZ24*0.264172) | GC24: =IF(FZ24="",IF(FW24=0,"",FW24),"") | GD24: =SUM(EE24,EQ24,FC24,FO24,GA24) -> 0 | GE24: =EF24&ER24&FD24&FP24&GB24 | GF24: =$B24 -> 20-L5 | GG24: =$C24 -> GTS-120 | GH24: =$D24 -> 630 | GI24: =$E24 -> 5%-7% | GK24: =GJ24*VLOOKUP(GG24,$B$157:$C$159,2,FALSE) -> 0 | GN24: =IF(GJ24="","",IF(GK24>0.049999,"",((6-ROUND(GK24*100,1))*0.01)*GH24)) | GO24: =IF(GN24="","",GN24*0.264172) | GQ24: =IF(GN24="",IF(GK24=0,"",GK24),"") | GR24: =$B24 -> 20-L5 | GS24: =$C24 -> GTS-120 | GT24: =$D24 -> 630 | GU24: =$E24 -> 5%-7% | GW24: =GV24*VLOOKUP(GS24,$B$157:$C$159,2,FALSE) -> 0 | GZ24: =IF(GV24="","",IF(GW24>0.049999,"",((6-ROUND(GW24*100,1))*0.01)*GT24)) | HA24: =IF(GZ24="","",GZ24*0.264172) | HC24: =IF(GZ24="",IF(GW24=0,"",GW24),"") | HD24: =$B24 -> 20-L5 | HE24: =$C24 -> GTS-120 | HF24: =$D24 -> 630 | HG24: =$E24 -> 5%-7% | HI24: =HH24*VLOOKUP(HE24,$B$157:$C$159,2,FALSE) -> 0 | HL24: =IF(HH24="","",IF(HI24>0.049999,"",((6-ROUND(HI24*100,1))*0.01)*HF24)) | HM24: =IF(HL24="","",HL24*0.264172) | HO24: =IF(HL24="",IF(HI24=0,"",HI24),"") | HP24: =$B24 -> 20-L5 | HQ24: =$C24 -> GTS-120 | HR24: =$D24 -> 630 | HS24: =$E24 -> 5%-7% | HU24: =HT24*VLOOKUP(HQ24,$B$157:$C$159,2,FALSE) -> 0 | HX24: =IF(HT24="","",IF(HU24>0.049999,"",((6-ROUND(HU24*100,1))*0.01)*HR24)) | HY24: =IF(HX24="","",HX24*0.264172) | IA24: =IF(HX24="",IF(HU24=0,"",HU24),"") | IB24: =$B24 -> 20-L5 | IC24: =$C24 -> GTS-120 | ID24: =$D24 -> 630 | IE24: =$E24 -> 5%-7% | IG24: =IF24*VLOOKUP(IC24,$B$157:$C$159,2,FALSE) -> 0 | IJ24: =IF(IF24="","",IF(IG24>0.049999,"",((6-ROUND(IG24*100,1))*0.01)*ID24)) | IK24: =IF(IJ24="","",IJ24*0.264172) | IM24: =IF(IJ24="",IF(IG24=0,"",IG24),"") | IN24: =SUM(GO24,HA24,HM24,HY24,IK24) -> 0 | IO24: =GP24&HB24&HN24&HZ24&IL24 | IP24: =$B24 -> 20-L5 | IQ24: =$C24 -> GTS-120 | IR24: =$D24 -> 630 | IS24: =$E24 -> 5%-7% | IU24: =IT24*VLOOKUP(IQ24,$B$157:$C$159,2,FALSE) -> 0 | IX24: =IF(IT24="","",IF(IU24>0.049999,"",((6-ROUND(IU24*100,1))*0.01)*IR24)) | IY24: =IF(IX24="","",IX24*0.264172) | JA24: =IF(IX24="",IF(IU24=0,"",IU24),"") | JB24: =$B24 -> 20-L5 | JC24: =$C24 -> GTS-120 | JD24: =$D24 -> 630 | JE24: =$E24 -> 5%-7% | JG24: =JF24*VLOOKUP(JC24,$B$157:$C$159,2,FALSE) -> 0 | JJ24: =IF(JF24="","",IF(JG24>0.049999,"",((6-ROUND(JG24*100,1))*0.01)*JD24)) | JK24: =IF(JJ24="","",JJ24*0.264172) | JM24: =IF(JJ24="",IF(JG24=0,"",JG24),"") | JN24: =$B24 -> 20-L5 | JO24: =$C24 -> GTS-120 | JP24: =$D24 -> 630 | JQ24: =$E24 -> 5%-7% | JS24: =JR24*VLOOKUP(JO24,$B$157:$C$159,2,FALSE) -> 0 | JV24: =IF(JR24="","",IF(JS24>0.049999,"",((6-ROUND(JS24*100,1))*0.01)*JP24)) | JW24: =IF(JV24="","",JV24*0.264172) | JY24: =IF(JV24="",IF(JS24=0,"",JS24),"") | JZ24: =$B24 -> 20-L5 | KA24: =$C24 -> GTS-120 | KB24: =$D24 -> 630 | KC24: =$E24 -> 5%-7% | KE24: =KD24*VLOOKUP(KA24,$B$157:$C$159,2,FALSE) -> 0 | KH24: =IF(KD24="","",IF(KE24>0.049999,"",((6-ROUND(KE24*100,1))*0.01)*KB24)) | KI24: =IF(KH24="","",KH24*0.264172) | KK24: =IF(KH24="",IF(KE24=0,"",KE24),"") | KL24: =$B24 -> 20-L5 | KM24: =$C24 -> GTS-120 | KN24: =$D24 -> 630 | KO24: =$E24 -> 5%-7% | KQ24: =KP24*VLOOKUP(KM24,$B$157:$C$159,2,FALSE) -> 0 | KT24: =IF(KP24="","",IF(KQ24>0.049999,"",((6-ROUND(KQ24*100,1))*0.01)*KN24)) | KU24: =IF(KT24="","",KT24*0.264172) | KW24: =IF(KT24="",IF(KQ24=0,"",KQ24),"") | KX24: =SUM(IY24,JK24,JW24,KI24,KU24) -> 0 | KY24: =IZ24&JL24&JX24&KJ24&KV24
A25: MWTH-2 | B25: 30-L5 | C25: =VLOOKUP($B25,'OP Info'!$C$4:$J$62,4,FALSE) -> GTS-120 | D25: =VLOOKUP($B25,'OP Info'!$C$4:$J$62,3,FALSE) -> 630 | E25: =CONCATENATE(VLOOKUP($B25,'OP Info'!$C$4:$J$62,5,FALSE),"%-",VLOOKUP($B25,'OP Info'!$C$4:$J$62,6,FALSE),"%") -> 5%-7% | G25: =F25*VLOOKUP(C25,$B$157:$C$159,2,FALSE) -> 0 | J25: =IF(F25="","",IF(G25>0.049999,"",((6-ROUND(G25*100,1))*0.01)*D25)) | K25: =IF(J25="","",J25*0.264172) | M25: =IF(J25="",IF(G25=0,"",G25),"") | N25: =$B25 -> 30-L5 | O25: =$C25 -> GTS-120 | P25: =$D25 -> 630 | Q25: =$E25 -> 5%-7% | S25: =R25*VLOOKUP(O25,$B$157:$C$159,2,FALSE) -> 0 | V25: =IF(R25="","",IF(S25>0.049999,"",((6-ROUND(S25*100,1))*0.01)*P25)) | W25: =IF(V25="","",V25*0.264172) | Y25: =IF(V25="",IF(S25=0,"",S25),"") | Z25: =$B25 -> 30-L5 | AA25: =$C25 -> GTS-120 | AB25: =$D25 -> 630 | AC25: =$E25 -> 5%-7% | AE25: =AD25*VLOOKUP(AA25,$B$157:$C$159,2,FALSE) -> 0 | AH25: =IF(AD25="","",IF(AE25>0.049999,"",((6-ROUND(AE25*100,1))*0.01)*AB25)) | AI25: =IF(AH25="","",AH25*0.264172) | AK25: =IF(AH25="",IF(AE25=0,"",AE25),"") | AL25: =$B25 -> 30-L5 | AM25: =$C25 -> GTS-120 | AN25: =$D25 -> 630 | AO25: =$E25 -> 5%-7% | AQ25: =AP25*VLOOKUP(AM25,$B$157:$C$159,2,FALSE) -> 0 | AT25: =IF(AP25="","",IF(AQ25>0.049999,"",((6-ROUND(AQ25*100,1))*0.01)*AN25)) | AU25: =IF(AT25="","",AT25*0.264172) | AW25: =IF(AT25="",IF(AQ25=0,"",AQ25),"") | AX25: =$B25 -> 30-L5 | AY25: =$C25 -> GTS-120 | AZ25: =$D25 -> 630 | BA25: =$E25 -> 5%-7% | BC25: =BB25*VLOOKUP(AY25,$B$157:$C$159,2,FALSE) -> 0 | BF25: =IF(BB25="","",IF(BC25>0.049999,"",((6-ROUND(BC25*100,1))*0.01)*AZ25)) | BG25: =IF(BF25="","",BF25*0.264172) | BI25: =IF(BF25="",IF(BC25=0,"",BC25),"") | BJ25: =SUM(K25,W25,AI25,AU25,BG25) -> 0 | BK25: =L25&X25&AJ25&AV25&BH25 | BL25: =$B25 -> 30-L5 | BM25: =$C25 -> GTS-120 | BN25: =$D25 -> 630 | BO25: =$E25 -> 5%-7% | BQ25: =BP25*VLOOKUP(BM25,$B$157:$C$159,2,FALSE) -> 0 | BT25: =IF(BP25="","",IF(BQ25>0.049999,"",((6-ROUND(BQ25*100,1))*0.01)*BN25)) | BU25: =IF(BT25="","",BT25*0.264172) | BW25: =IF(BT25="",IF(BQ25=0,"",BQ25),"") | BX25: =$B25 -> 30-L5 | BY25: =$C25 -> GTS-120 | BZ25: =$D25 -> 630 | CA25: =$E25 -> 5%-7% | CC25: =CB25*VLOOKUP(BY25,$B$157:$C$159,2,FALSE) -> 0 | CF25: =IF(CB25="","",IF(CC25>0.049999,"",((6-ROUND(CC25*100,1))*0.01)*BZ25)) | CG25: =IF(CF25="","",CF25*0.264172) | CI25: =IF(CF25="",IF(CC25=0,"",CC25),"") | CJ25: =$B25 -> 30-L5 | CK25: =$C25 -> GTS-120 | CL25: =$D25 -> 630 | CM25: =$E25 -> 5%-7% | CO25: =CN25*VLOOKUP(CK25,$B$157:$C$159,2,FALSE) -> 0 | CR25: =IF(CN25="","",IF(CO25>0.049999,"",((6-ROUND(CO25*100,1))*0.01)*CL25)) | CS25: =IF(CR25="","",CR25*0.264172) | CU25: =IF(CR25="",IF(CO25=0,"",CO25),"") | CV25: =$B25 -> 30-L5 | CW25: =$C25 -> GTS-120 | CX25: =$D25 -> 630 | CY25: =$E25 -> 5%-7% | DA25: =CZ25*VLOOKUP(CW25,$B$157:$C$159,2,FALSE) -> 0 | DD25: =IF(CZ25="","",IF(DA25>0.049999,"",((6-ROUND(DA25*100,1))*0.01)*CX25)) | DE25: =IF(DD25="","",DD25*0.264172) | DG25: =IF(DD25="",IF(DA25=0,"",DA25),"") | DH25: =$B25 -> 30-L5 | DI25: =$C25 -> GTS-120 | DJ25: =$D25 -> 630 | DK25: =$E25 -> 5%-7% | DM25: =DL25*VLOOKUP(DI25,$B$157:$C$159,2,FALSE) -> 0 | DP25: =IF(DL25="","",IF(DM25>0.049999,"",((6-ROUND(DM25*100,1))*0.01)*DJ25)) | DQ25: =IF(DP25="","",DP25*0.264172) | DS25: =IF(DP25="",IF(DM25=0,"",DM25),"") | DT25: =SUM(BU25,CG25,CS25,DE25,DQ25) -> 0 | DU25: =BV25&CH25&CT25&DF25&DR25 | DV25: =$B25 -> 30-L5 | DW25: =$C25 -> GTS-120 | DX25: =$D25 -> 630 | DY25: =$E25 -> 5%-7% | EA25: =DZ25*VLOOKUP(DW25,$B$157:$C$159,2,FALSE) -> 0 | ED25: =IF(DZ25="","",IF(EA25>0.049999,"",((6-ROUND(EA25*100,1))*0.01)*DX25)) | EE25: =IF(ED25="","",ED25*0.264172) | EG25: =IF(ED25="",IF(EA25=0,"",EA25),"") | EH25: =$B25 -> 30-L5 | EI25: =$C25 -> GTS-120 | EJ25: =$D25 -> 630 | EK25: =$E25 -> 5%-7% | EM25: =EL25*VLOOKUP(EI25,$B$157:$C$159,2,FALSE) -> 0 | EP25: =IF(EL25="","",IF(EM25>0.049999,"",((6-ROUND(EM25*100,1))*0.01)*EJ25)) | EQ25: =IF(EP25="","",EP25*0.264172) | ES25: =IF(EP25="",IF(EM25=0,"",EM25),"") | ET25: =$B25 -> 30-L5 | EU25: =$C25 -> GTS-120 | EV25: =$D25 -> 630 | EW25: =$E25 -> 5%-7% | EY25: =EX25*VLOOKUP(EU25,$B$157:$C$159,2,FALSE) -> 0 | FB25: =IF(EX25="","",IF(EY25>0.049999,"",((6-ROUND(EY25*100,1))*0.01)*EV25)) | FC25: =IF(FB25="","",FB25*0.264172) | FE25: =IF(FB25="",IF(EY25=0,"",EY25),"") | FF25: =$B25 -> 30-L5 | FG25: =$C25 -> GTS-120 | FH25: =$D25 -> 630 | FI25: =$E25 -> 5%-7% | FK25: =FJ25*VLOOKUP(FG25,$B$157:$C$159,2,FALSE) -> 0 | FN25: =IF(FJ25="","",IF(FK25>0.049999,"",((6-ROUND(FK25*100,1))*0.01)*FH25)) | FO25: =IF(FN25="","",FN25*0.264172) | FQ25: =IF(FN25="",IF(FK25=0,"",FK25),"") | FR25: =$B25 -> 30-L5 | FS25: =$C25 -> GTS-120 | FT25: =$D25 -> 630 | FU25: =$E25 -> 5%-7% | FW25: =FV25*VLOOKUP(FS25,$B$157:$C$159,2,FALSE) -> 0 | FZ25: =IF(FV25="","",IF(FW25>0.049999,"",((6-ROUND(FW25*100,1))*0.01)*FT25)) | GA25: =IF(FZ25="","",FZ25*0.264172) | GC25: =IF(FZ25="",IF(FW25=0,"",FW25),"") | GD25: =SUM(EE25,EQ25,FC25,FO25,GA25) -> 0 | GE25: =EF25&ER25&FD25&FP25&GB25 | GF25: =$B25 -> 30-L5 | GG25: =$C25 -> GTS-120 | GH25: =$D25 -> 630 | GI25: =$E25 -> 5%-7% | GK25: =GJ25*VLOOKUP(GG25,$B$157:$C$159,2,FALSE) -> 0 | GN25: =IF(GJ25="","",IF(GK25>0.049999,"",((6-ROUND(GK25*100,1))*0.01)*GH25)) | GO25: =IF(GN25="","",GN25*0.264172) | GQ25: =IF(GN25="",IF(GK25=0,"",GK25),"") | GR25: =$B25 -> 30-L5 | GS25: =$C25 -> GTS-120 | GT25: =$D25 -> 630 | GU25: =$E25 -> 5%-7% | GW25: =GV25*VLOOKUP(GS25,$B$157:$C$159,2,FALSE) -> 0 | GZ25: =IF(GV25="","",IF(GW25>0.049999,"",((6-ROUND(GW25*100,1))*0.01)*GT25)) | HA25: =IF(GZ25="","",GZ25*0.264172) | HC25: =IF(GZ25="",IF(GW25=0,"",GW25),"") | HD25: =$B25 -> 30-L5 | HE25: =$C25 -> GTS-120 | HF25: =$D25 -> 630 | HG25: =$E25 -> 5%-7% | HI25: =HH25*VLOOKUP(HE25,$B$157:$C$159,2,FALSE) -> 0 | HL25: =IF(HH25="","",IF(HI25>0.049999,"",((6-ROUND(HI25*100,1))*0.01)*HF25)) | HM25: =IF(HL25="","",HL25*0.264172) | HO25: =IF(HL25="",IF(HI25=0,"",HI25),"") | HP25: =$B25 -> 30-L5 | HQ25: =$C25 -> GTS-120 | HR25: =$D25 -> 630 | HS25: =$E25 -> 5%-7% | HU25: =HT25*VLOOKUP(HQ25,$B$157:$C$159,2,FALSE) -> 0 | HX25: =IF(HT25="","",IF(HU25>0.049999,"",((6-ROUND(HU25*100,1))*0.01)*HR25)) | HY25: =IF(HX25="","",HX25*0.264172) | IA25: =IF(HX25="",IF(HU25=0,"",HU25),"") | IB25: =$B25 -> 30-L5 | IC25: =$C25 -> GTS-120 | ID25: =$D25 -> 630 | IE25: =$E25 -> 5%-7% | IG25: =IF25*VLOOKUP(IC25,$B$157:$C$159,2,FALSE) -> 0 | IJ25: =IF(IF25="","",IF(IG25>0.049999,"",((6-ROUND(IG25*100,1))*0.01)*ID25)) | IK25: =IF(IJ25="","",IJ25*0.264172) | IM25: =IF(IJ25="",IF(IG25=0,"",IG25),"") | IN25: =SUM(GO25,HA25,HM25,HY25,IK25) -> 0 | IO25: =GP25&HB25&HN25&HZ25&IL25 | IP25: =$B25 -> 30-L5 | IQ25: =$C25 -> GTS-120 | IR25: =$D25 -> 630 | IS25: =$E25 -> 5%-7% | IU25: =IT25*VLOOKUP(IQ25,$B$157:$C$159,2,FALSE) -> 0 | IX25: =IF(IT25="","",IF(IU25>0.049999,"",((6-ROUND(IU25*100,1))*0.01)*IR25)) | IY25: =IF(IX25="","",IX25*0.264172) | JA25: =IF(IX25="",IF(IU25=0,"",IU25),"") | JB25: =$B25 -> 30-L5 | JC25: =$C25 -> GTS-120 | JD25: =$D25 -> 630 | JE25: =$E25 -> 5%-7% | JG25: =JF25*VLOOKUP(JC25,$B$157:$C$159,2,FALSE) -> 0 | JJ25: =IF(JF25="","",IF(JG25>0.049999,"",((6-ROUND(JG25*100,1))*0.01)*JD25)) | JK25: =IF(JJ25="","",JJ25*0.264172) | JM25: =IF(JJ25="",IF(JG25=0,"",JG25),"") | JN25: =$B25 -> 30-L5 | JO25: =$C25 -> GTS-120 | JP25: =$D25 -> 630 | JQ25: =$E25 -> 5%-7% | JS25: =JR25*VLOOKUP(JO25,$B$157:$C$159,2,FALSE) -> 0 | JV25: =IF(JR25="","",IF(JS25>0.049999,"",((6-ROUND(JS25*100,1))*0.01)*JP25)) | JW25: =IF(JV25="","",JV25*0.264172) | JY25: =IF(JV25="",IF(JS25=0,"",JS25),"") | JZ25: =$B25 -> 30-L5 | KA25: =$C25 -> GTS-120 | KB25: =$D25 -> 630 | KC25: =$E25 -> 5%-7% | KE25: =KD25*VLOOKUP(KA25,$B$157:$C$159,2,FALSE) -> 0 | KH25: =IF(KD25="","",IF(KE25>0.049999,"",((6-ROUND(KE25*100,1))*0.01)*KB25)) | KI25: =IF(KH25="","",KH25*0.264172) | KK25: =IF(KH25="",IF(KE25=0,"",KE25),"") | KL25: =$B25 -> 30-L5 | KM25: =$C25 -> GTS-120 | KN25: =$D25 -> 630 | KO25: =$E25 -> 5%-7% | KQ25: =KP25*VLOOKUP(KM25,$B$157:$C$159,2,FALSE) -> 0 | KT25: =IF(KP25="","",IF(KQ25>0.049999,"",((6-ROUND(KQ25*100,1))*0.01)*KN25)) | KU25: =IF(KT25="","",KT25*0.264172) | KW25: =IF(KT25="",IF(KQ25=0,"",KQ25),"") | KX25: =SUM(IY25,JK25,JW25,KI25,KU25) -> 0 | KY25: =IZ25&JL25&JX25&KJ25&KV25
